date,company,open,high,low,close,volume
2017-04-16,Arun Kabeli Power Ltd.,326,0,297,326,9361
2017-04-18,Arun Kabeli Power Ltd.,358,326,332,358,31151
2017-04-19,Arun Kabeli Power Ltd.,393,358,365,393,10034
2017-04-23,Arun Kabeli Power Ltd.,432,393,383,411,110978
2017-04-24,Arun Kabeli Power Ltd.,408,411,385,402,53027
2017-04-25,Arun Kabeli Power Ltd.,418,402,393,408,39076
2017-04-26,Arun Kabeli Power Ltd.,448,408,403,441,35032
2017-04-27,Arun Kabeli Power Ltd.,469,441,425,461,45822
2017-04-30,Arun Kabeli Power Ltd.,460,461,438,445,52492
2017-05-02,Arun Kabeli Power Ltd.,455,445,434,444,30617
2017-05-03,Arun Kabeli Power Ltd.,457,444,436,438,24825
2017-05-04,Arun Kabeli Power Ltd.,450,438,435,447,51497
2017-05-07,Arun Kabeli Power Ltd.,450,447,437,439,29759
2017-05-08,Arun Kabeli Power Ltd.,448,439,432,444,24419
2017-05-09,Arun Kabeli Power Ltd.,474,444,441,467,48134
2017-05-11,Arun Kabeli Power Ltd.,503,467,466,485,53131
2017-05-15,Arun Kabeli Power Ltd.,493,485,475,477,20965
2017-05-16,Arun Kabeli Power Ltd.,485,477,472,480,12819
2017-05-17,Arun Kabeli Power Ltd.,484,480,472,481,14404
2017-05-18,Arun Kabeli Power Ltd.,493,481,473,490,25777
2017-05-21,Arun Kabeli Power Ltd.,485,490,465,484,11480
2017-05-22,Arun Kabeli Power Ltd.,479,484,460,472,8730
2017-05-23,Arun Kabeli Power Ltd.,483,472,465,468,11209
2017-05-24,Arun Kabeli Power Ltd.,482,468,460,470,9904
2017-05-28,Arun Kabeli Power Ltd.,475,470,461,467,7736
2017-05-30,Arun Kabeli Power Ltd.,469,467,450,460,11667
2017-05-31,Arun Kabeli Power Ltd.,469,460,451,460,8876
2017-06-01,Arun Kabeli Power Ltd.,462,460,454,460,7009
2017-06-04,Arun Kabeli Power Ltd.,459,460,444,450,8662
2017-06-08,Arun Kabeli Power Ltd.,449,447,437,448,9330
2017-06-05,Arun Kabeli Power Ltd.,455,450,443,450,5406
2017-06-06,Arun Kabeli Power Ltd.,463,450,441,457,5992
2017-06-07,Arun Kabeli Power Ltd.,455,457,446,447,11678
2017-06-11,Arun Kabeli Power Ltd.,445,448,429,430,13870
2017-06-12,Arun Kabeli Power Ltd.,435,430,416,422,10653
2017-06-13,Arun Kabeli Power Ltd.,430,422,416,422,7280
2017-06-15,Arun Kabeli Power Ltd.,434,430,417,434,6410
2017-06-14,Arun Kabeli Power Ltd.,430,422,415,430,4893
2017-06-20,Arun Kabeli Power Ltd.,421,405,400,412,4359
2017-06-18,Arun Kabeli Power Ltd.,435,434,415,418,2107
2017-06-19,Arun Kabeli Power Ltd.,418,418,405,405,4938
2017-06-21,Arun Kabeli Power Ltd.,416,412,406,416,8927
2017-06-27,Arun Kabeli Power Ltd.,439,438,427,429,2938
2017-06-22,Arun Kabeli Power Ltd.,420,416,415,418,2909
2017-06-25,Arun Kabeli Power Ltd.,439,418,418,438,5526
2017-06-28,Arun Kabeli Power Ltd.,425,429,417,421,1161
2017-07-02,Arun Kabeli Power Ltd.,420,421,405,410,3952
2017-07-04,Arun Kabeli Power Ltd.,412,406,400,409,1815
2017-07-05,Arun Kabeli Power Ltd.,417,409,405,417,3711
2017-07-06,Arun Kabeli Power Ltd.,425,417,409,425,1898
2017-07-09,Arun Kabeli Power Ltd.,430,425,408,425,5553
2017-07-03,Arun Kabeli Power Ltd.,418,410,405,406,5055
2017-07-10,Arun Kabeli Power Ltd.,425,425,401,415,32236
2017-07-11,Arun Kabeli Power Ltd.,417,415,408,417,4924
2017-07-16,Arun Kabeli Power Ltd.,415,409,401,415,5459
2017-07-12,Arun Kabeli Power Ltd.,414,417,410,410,3492
2017-07-13,Arun Kabeli Power Ltd.,413,410,405,409,2146
2017-07-17,Arun Kabeli Power Ltd.,416,415,407,412,7175
2017-07-20,Arun Kabeli Power Ltd.,422,417,415,417,5106
2017-07-18,Arun Kabeli Power Ltd.,441,412,405,434,9889
2017-07-19,Arun Kabeli Power Ltd.,435,434,417,417,10705
2017-08-01,Arun Kabeli Power Ltd.,420,418,404,420,6928
2017-07-23,Arun Kabeli Power Ltd.,425,417,411,416,5856
2017-07-26,Arun Kabeli Power Ltd.,416,411,410,415,6045
2017-07-27,Arun Kabeli Power Ltd.,414,415,409,412,3964
2017-07-30,Arun Kabeli Power Ltd.,418,412,407,407,11606
2017-07-24,Arun Kabeli Power Ltd.,423,416,411,412,9148
2017-07-25,Arun Kabeli Power Ltd.,423,412,404,411,3866
2017-08-02,Arun Kabeli Power Ltd.,416,420,408,411,4182
2017-08-03,Arun Kabeli Power Ltd.,418,411,404,410,3902
2017-07-31,Arun Kabeli Power Ltd.,423,407,400,418,8062
2017-08-06,Arun Kabeli Power Ltd.,411,410,402,407,3548
2017-08-07,Arun Kabeli Power Ltd.,410,407,405,406,3067
2017-08-09,Arun Kabeli Power Ltd.,405,406,397,400,11476
2017-08-13,Arun Kabeli Power Ltd.,400,393,376,381,5335
2017-08-16,Arun Kabeli Power Ltd.,387,367,370,375,5715
2017-08-21,Arun Kabeli Power Ltd.,366,362,350,366,6837
2017-08-23,Arun Kabeli Power Ltd.,362,360,353,357,10457
2017-08-28,Arun Kabeli Power Ltd.,391,378,358,368,6756
2017-08-30,Arun Kabeli Power Ltd.,368,368,360,360,2199
2017-08-10,Arun Kabeli Power Ltd.,400,400,392,393,8529
2017-08-15,Arun Kabeli Power Ltd.,387,381,367,367,5051
2017-08-17,Arun Kabeli Power Ltd.,375,375,364,368,13588
2017-08-20,Arun Kabeli Power Ltd.,370,368,356,362,5245
2017-08-22,Arun Kabeli Power Ltd.,380,366,352,360,2835
2017-08-24,Arun Kabeli Power Ltd.,372,357,351,372,4775
2017-08-27,Arun Kabeli Power Ltd.,378,372,350,378,9008
2017-08-31,Arun Kabeli Power Ltd.,358,360,350,354,6893
2017-09-04,Arun Kabeli Power Ltd.,362,354,345,362,5940
2017-09-06,Arun Kabeli Power Ltd.,365,362,346,350,5791
2017-09-07,Arun Kabeli Power Ltd.,352,350,346,348,6831
2017-09-13,Arun Kabeli Power Ltd.,335,330,326,330,2061
2017-09-10,Arun Kabeli Power Ltd.,342,348,330,332,9243
2017-09-11,Arun Kabeli Power Ltd.,340,332,326,335,2600
2017-09-12,Arun Kabeli Power Ltd.,339,335,326,330,3991
2017-09-14,Arun Kabeli Power Ltd.,342,330,324,342,2678
2017-09-17,Arun Kabeli Power Ltd.,350,342,340,340,4138
2017-09-25,Arun Kabeli Power Ltd.,343,335,339,340,1680
2017-09-18,Arun Kabeli Power Ltd.,346,340,334,336,1968
2017-09-20,Arun Kabeli Power Ltd.,336,336,326,333,1664
2017-09-24,Arun Kabeli Power Ltd.,337,333,328,335,779
2017-10-08,Arun Kabeli Power Ltd.,326,332,315,317,1817
2017-10-04,Arun Kabeli Power Ltd.,346,340,330,332,2804
2017-10-10,Arun Kabeli Power Ltd.,323,318,312,323,1247
2017-10-09,Arun Kabeli Power Ltd.,319,317,315,318,2361
2017-10-11,Arun Kabeli Power Ltd.,326,323,317,325,277
2017-10-17,Arun Kabeli Power Ltd.,338,326,321,328,1323
2017-10-12,Arun Kabeli Power Ltd.,324,325,317,320,4026
2017-10-15,Arun Kabeli Power Ltd.,325,320,315,325,1226
2017-10-16,Arun Kabeli Power Ltd.,336,325,320,326,389
2017-09-26,Arun Kabeli Power Ltd.,341,340,330,340,3344
2017-10-22,Arun Kabeli Power Ltd.,351,329,335,351,6572
2017-10-18,Arun Kabeli Power Ltd.,329,328,317,329,215
2017-10-31,Arun Kabeli Power Ltd.,335,332,327,334,1710
2017-10-23,Arun Kabeli Power Ltd.,355,351,340,342,2467
2017-10-25,Arun Kabeli Power Ltd.,344,344,335,338,2006
2017-10-30,Arun Kabeli Power Ltd.,335,335,330,332,5677
2017-10-24,Arun Kabeli Power Ltd.,346,342,340,344,779
2017-10-29,Arun Kabeli Power Ltd.,346,338,333,335,1668
2017-11-01,Arun Kabeli Power Ltd.,338,334,328,329,2946
2017-11-05,Arun Kabeli Power Ltd.,325,327,321,325,1982
2017-11-02,Arun Kabeli Power Ltd.,331,329,323,327,1048
2017-11-07,Arun Kabeli Power Ltd.,330,326,320,330,982
2017-11-06,Arun Kabeli Power Ltd.,331,325,322,326,2142
2017-11-09,Arun Kabeli Power Ltd.,338,322,320,326,3682
2017-11-12,Arun Kabeli Power Ltd.,330,326,324,327,1146
2017-11-08,Arun Kabeli Power Ltd.,330,330,319,322,1927
2017-11-13,Arun Kabeli Power Ltd.,342,327,321,342,2082
2017-11-15,Arun Kabeli Power Ltd.,342,346,332,337,2178
2017-11-14,Arun Kabeli Power Ltd.,348,342,334,346,8731
2017-12-05,Arun Kabeli Power Ltd.,360,358,351,356,1846
2017-11-16,Arun Kabeli Power Ltd.,343,337,327,332,2407
2017-11-22,Arun Kabeli Power Ltd.,353,351,334,343,2724
2017-11-23,Arun Kabeli Power Ltd.,353,343,343,353,5691
2017-11-26,Arun Kabeli Power Ltd.,364,353,347,354,3578
2017-11-27,Arun Kabeli Power Ltd.,361,354,336,351,4960
2017-11-28,Arun Kabeli Power Ltd.,358,351,344,348,695
2017-11-19,Arun Kabeli Power Ltd.,340,332,326,335,45210
2017-11-20,Arun Kabeli Power Ltd.,338,335,330,336,2051
2017-11-21,Arun Kabeli Power Ltd.,351,336,330,351,7667
2017-11-29,Arun Kabeli Power Ltd.,369,348,353,354,9802
2017-11-30,Arun Kabeli Power Ltd.,365,354,344,365,5588
2017-12-13,Arun Kabeli Power Ltd.,367,362,356,364,2390
2017-12-04,Arun Kabeli Power Ltd.,372,365,344,358,6724
2017-12-10,Arun Kabeli Power Ltd.,379,372,365,367,1943
2017-12-06,Arun Kabeli Power Ltd.,372,356,355,372,13162
2017-12-11,Arun Kabeli Power Ltd.,374,367,355,370,1935
2017-12-12,Arun Kabeli Power Ltd.,373,370,359,362,2947
2017-12-14,Arun Kabeli Power Ltd.,370,364,357,360,487
2017-12-17,Arun Kabeli Power Ltd.,360,360,354,360,1060
2017-12-18,Arun Kabeli Power Ltd.,368,360,359,360,4378
2017-12-19,Arun Kabeli Power Ltd.,360,360,351,358,3355
2017-12-24,Arun Kabeli Power Ltd.,351,350,346,348,466
2017-12-27,Arun Kabeli Power Ltd.,346,341,326,346,1892
2017-12-28,Arun Kabeli Power Ltd.,341,346,334,341,961
2017-12-31,Arun Kabeli Power Ltd.,339,341,332,335,2374
2018-01-01,Arun Kabeli Power Ltd.,347,335,334,341,1358
2018-01-07,Arun Kabeli Power Ltd.,344,342,338,339,1013
2018-01-10,Arun Kabeli Power Ltd.,346,340,337,342,828
2018-01-14,Arun Kabeli Power Ltd.,341,342,333,341,1078
2018-01-16,Arun Kabeli Power Ltd.,340,341,332,337,991
2018-01-21,Arun Kabeli Power Ltd.,338,335,331,332,2711
2018-01-22,Arun Kabeli Power Ltd.,334,332,327,334,1374
2018-01-23,Arun Kabeli Power Ltd.,337,334,325,330,1780
2018-01-24,Arun Kabeli Power Ltd.,335,330,329,335,732
2018-01-25,Arun Kabeli Power Ltd.,340,335,330,340,1334
2018-01-28,Arun Kabeli Power Ltd.,344,340,328,334,917
2018-01-31,Arun Kabeli Power Ltd.,335,332,332,335,1510
2018-02-06,Arun Kabeli Power Ltd.,325,327,319,319,4833
2018-02-07,Arun Kabeli Power Ltd.,329,319,315,329,203
2018-02-12,Arun Kabeli Power Ltd.,322,325,316,322,2380
2018-02-14,Arun Kabeli Power Ltd.,329,322,313,329,5369
2018-02-15,Arun Kabeli Power Ltd.,333,329,317,329,3802
2018-02-22,Arun Kabeli Power Ltd.,320,319,313,318,1253
2018-02-25,Arun Kabeli Power Ltd.,318,318,312,315,367
2018-02-27,Arun Kabeli Power Ltd.,310,306,301,304,2068
2018-03-05,Arun Kabeli Power Ltd.,269,273,255,255,9399
2018-03-11,Arun Kabeli Power Ltd.,265,269,250,252,5178
2018-03-12,Arun Kabeli Power Ltd.,251,252,243,250,1707
2018-03-13,Arun Kabeli Power Ltd.,252,250,248,252,435
2018-03-18,Arun Kabeli Power Ltd.,258,258,250,258,1337
2018-03-21,Arun Kabeli Power Ltd.,239,240,233,238,1483
2018-03-22,Arun Kabeli Power Ltd.,237,238,230,235,2077
2018-03-27,Arun Kabeli Power Ltd.,231,227,212,231,1880
2018-03-28,Arun Kabeli Power Ltd.,228,231,220,223,951
2018-03-29,Arun Kabeli Power Ltd.,235,223,223,235,1353
2018-04-01,Arun Kabeli Power Ltd.,235,235,219,232,2310
2018-04-02,Arun Kabeli Power Ltd.,236,232,225,227,1187
2018-04-05,Arun Kabeli Power Ltd.,248,236,236,238,1888
2018-04-08,Arun Kabeli Power Ltd.,261,238,241,261,3470
2018-04-15,Arun Kabeli Power Ltd.,250,249,245,250,793
2018-04-16,Arun Kabeli Power Ltd.,270,250,245,265,3553
2018-04-18,Arun Kabeli Power Ltd.,301,274,269,291,7701
2018-04-23,Arun Kabeli Power Ltd.,349,330,313,343,19600
2018-04-25,Arun Kabeli Power Ltd.,340,333,321,334,5874
2018-04-26,Arun Kabeli Power Ltd.,330,334,314,316,5745
2018-04-29,Arun Kabeli Power Ltd.,325,316,310,325,7009
2018-05-08,Arun Kabeli Power Ltd.,322,312,311,322,3454
2018-05-17,Arun Kabeli Power Ltd.,326,314,310,311,2033
2018-05-23,Arun Kabeli Power Ltd.,309,309,305,305,881
2018-05-24,Arun Kabeli Power Ltd.,310,305,300,308,900
2018-05-28,Arun Kabeli Power Ltd.,315,300,295,315,1667
2018-05-29,Arun Kabeli Power Ltd.,312,315,305,305,3234
2018-05-30,Arun Kabeli Power Ltd.,316,305,304,304,628
2018-06-04,Arun Kabeli Power Ltd.,289,288,283,284,1133
2018-06-11,Arun Kabeli Power Ltd.,291,290,280,286,2101
2018-06-18,Arun Kabeli Power Ltd.,291,287,281,291,603
2018-06-26,Arun Kabeli Power Ltd.,276,274,270,270,1612
2018-06-27,Arun Kabeli Power Ltd.,275,270,265,272,963
2018-06-28,Arun Kabeli Power Ltd.,272,272,265,265,3924
2018-07-01,Arun Kabeli Power Ltd.,266,265,260,264,3222
2018-07-03,Arun Kabeli Power Ltd.,264,263,252,255,1738
2018-07-04,Arun Kabeli Power Ltd.,266,255,248,261,1428
2018-07-05,Arun Kabeli Power Ltd.,274,261,261,274,4198
2018-07-08,Arun Kabeli Power Ltd.,281,274,263,268,4705
2018-07-10,Arun Kabeli Power Ltd.,269,262,257,258,1384
2018-07-12,Arun Kabeli Power Ltd.,260,261,250,250,1595
2018-07-15,Arun Kabeli Power Ltd.,257,250,248,257,2540
2018-07-17,Arun Kabeli Power Ltd.,260,260,255,260,52
2018-07-18,Arun Kabeli Power Ltd.,260,260,256,260,149
2018-07-19,Arun Kabeli Power Ltd.,258,260,254,255,1251
2018-07-25,Arun Kabeli Power Ltd.,256,258,254,256,497
2018-07-30,Arun Kabeli Power Ltd.,255,254,252,255,192
2018-07-31,Arun Kabeli Power Ltd.,260,255,247,251,377
2018-08-01,Arun Kabeli Power Ltd.,261,251,250,251,588
2018-08-02,Arun Kabeli Power Ltd.,260,251,252,255,1032
2018-08-05,Arun Kabeli Power Ltd.,253,255,250,250,830
2018-08-06,Arun Kabeli Power Ltd.,257,250,249,256,1252
2018-08-08,Arun Kabeli Power Ltd.,255,253,250,251,658
2018-08-09,Arun Kabeli Power Ltd.,252,251,249,251,1613
2018-08-13,Arun Kabeli Power Ltd.,252,249,245,245,878
2018-08-14,Arun Kabeli Power Ltd.,248,245,243,244,1515
2018-08-16,Arun Kabeli Power Ltd.,267,258,252,252,1063
2018-08-19,Arun Kabeli Power Ltd.,252,252,248,248,736
2018-08-20,Arun Kabeli Power Ltd.,250,248,243,244,817
2018-08-23,Arun Kabeli Power Ltd.,245,242,242,245,43
2018-08-28,Arun Kabeli Power Ltd.,245,242,232,239,313
2018-08-29,Arun Kabeli Power Ltd.,239,239,226,238,649
2018-08-30,Arun Kabeli Power Ltd.,242,238,235,242,102
2018-09-16,Arun Kabeli Power Ltd.,260,244,242,247,1300
2018-09-17,Arun Kabeli Power Ltd.,247,247,241,244,2601
2018-09-18,Arun Kabeli Power Ltd.,268,244,241,268,2746
2018-09-20,Arun Kabeli Power Ltd.,275,268,260,266,9717
2018-09-25,Arun Kabeli Power Ltd.,275,271,264,264,307
2018-09-27,Arun Kabeli Power Ltd.,274,269,250,255,2439
2018-10-03,Arun Kabeli Power Ltd.,249,246,242,242,1286
2018-10-04,Arun Kabeli Power Ltd.,248,242,242,242,943
2017-12-20,Arun Kabeli Power Ltd.,358,358,351,356,1458
2017-12-21,Arun Kabeli Power Ltd.,362,356,346,350,3925
2017-12-26,Arun Kabeli Power Ltd.,352,348,338,341,3621
2018-01-01,Arun Kabeli Power Ltd.,347,335,334,341,1358
2018-01-02,Arun Kabeli Power Ltd.,346,341,337,343,1127
2018-01-03,Arun Kabeli Power Ltd.,343,343,333,337,3199
2018-01-04,Arun Kabeli Power Ltd.,342,337,338,342,1449
2018-01-08,Arun Kabeli Power Ltd.,342,339,335,341,235
2018-01-09,Arun Kabeli Power Ltd.,345,341,335,340,1199
2018-01-17,Arun Kabeli Power Ltd.,337,337,333,335,2095
2018-01-29,Arun Kabeli Power Ltd.,332,334,328,332,423
2018-02-01,Arun Kabeli Power Ltd.,343,335,331,335,461
2018-02-04,Arun Kabeli Power Ltd.,337,335,329,334,2004
2018-02-05,Arun Kabeli Power Ltd.,330,334,326,327,9369
2018-02-08,Arun Kabeli Power Ltd.,332,329,317,321,1439
2018-02-11,Arun Kabeli Power Ltd.,325,321,315,325,2621
2018-02-18,Arun Kabeli Power Ltd.,335,329,335,335,10
2018-02-20,Arun Kabeli Power Ltd.,329,335,314,318,2435
2018-02-21,Arun Kabeli Power Ltd.,319,318,313,319,156
2018-02-26,Arun Kabeli Power Ltd.,310,315,305,306,3368
2018-02-28,Arun Kabeli Power Ltd.,301,304,285,290,8975
2018-03-04,Arun Kabeli Power Ltd.,285,290,261,273,3241
2018-03-06,Arun Kabeli Power Ltd.,261,255,251,261,5031
2018-03-07,Arun Kabeli Power Ltd.,271,261,256,269,717
2018-03-14,Arun Kabeli Power Ltd.,257,252,249,254,748
2018-03-15,Arun Kabeli Power Ltd.,259,254,258,258,513
2018-03-19,Arun Kabeli Power Ltd.,253,258,244,245,1016
2018-03-20,Arun Kabeli Power Ltd.,246,245,240,240,2751
2018-03-26,Arun Kabeli Power Ltd.,231,235,226,227,1404
2018-04-03,Arun Kabeli Power Ltd.,230,227,225,225,446
2018-04-04,Arun Kabeli Power Ltd.,236,225,229,236,1033
2018-04-09,Arun Kabeli Power Ltd.,271,261,248,250,6422
2018-04-10,Arun Kabeli Power Ltd.,250,250,242,245,3483
2018-04-11,Arun Kabeli Power Ltd.,248,245,237,245,645
2018-04-12,Arun Kabeli Power Ltd.,256,245,245,249,1178
2018-04-17,Arun Kabeli Power Ltd.,284,265,264,274,5001
2018-04-19,Arun Kabeli Power Ltd.,305,291,286,300,17076
2018-04-22,Arun Kabeli Power Ltd.,330,300,306,330,16988
2018-04-24,Arun Kabeli Power Ltd.,349,343,326,333,7518
2018-05-02,Arun Kabeli Power Ltd.,325,325,314,321,963
2018-05-03,Arun Kabeli Power Ltd.,335,321,321,324,5461
2018-05-06,Arun Kabeli Power Ltd.,321,324,306,314,2314
2018-05-07,Arun Kabeli Power Ltd.,322,314,310,312,9012
2018-05-09,Arun Kabeli Power Ltd.,326,322,315,320,2692
2018-05-10,Arun Kabeli Power Ltd.,326,320,314,323,3467
2018-05-14,Arun Kabeli Power Ltd.,317,323,305,314,1876
2018-05-15,Arun Kabeli Power Ltd.,320,314,311,311,1279
2018-05-16,Arun Kabeli Power Ltd.,315,311,306,314,2397
2018-05-20,Arun Kabeli Power Ltd.,321,311,308,311,2774
2018-05-21,Arun Kabeli Power Ltd.,312,311,307,311,840
2018-05-22,Arun Kabeli Power Ltd.,312,311,308,309,2102
2018-05-27,Arun Kabeli Power Ltd.,306,308,300,300,3135
2018-05-31,Arun Kabeli Power Ltd.,305,304,294,300,2706
2018-06-03,Arun Kabeli Power Ltd.,295,300,281,288,4620
2018-06-06,Arun Kabeli Power Ltd.,304,284,289,294,1061
2018-06-07,Arun Kabeli Power Ltd.,289,294,282,289,4339
2018-06-10,Arun Kabeli Power Ltd.,298,289,287,290,538
2018-06-12,Arun Kabeli Power Ltd.,290,286,276,290,819
2018-06-13,Arun Kabeli Power Ltd.,290,290,280,283,523
2018-06-14,Arun Kabeli Power Ltd.,305,283,283,292,3089
2018-06-17,Arun Kabeli Power Ltd.,300,292,279,287,756
2018-06-19,Arun Kabeli Power Ltd.,296,291,285,286,562
2018-06-20,Arun Kabeli Power Ltd.,285,286,282,282,596
2018-06-21,Arun Kabeli Power Ltd.,292,282,277,292,125
2018-06-24,Arun Kabeli Power Ltd.,287,292,282,282,918
2018-06-25,Arun Kabeli Power Ltd.,282,282,270,274,1110
2018-07-02,Arun Kabeli Power Ltd.,263,264,251,263,1340
2018-07-09,Arun Kabeli Power Ltd.,271,268,260,262,3034
2018-07-11,Arun Kabeli Power Ltd.,266,258,258,261,933
2018-07-16,Arun Kabeli Power Ltd.,260,257,255,260,415
2018-07-22,Arun Kabeli Power Ltd.,255,255,250,252,220
2018-07-23,Arun Kabeli Power Ltd.,257,252,253,257,896
2018-07-24,Arun Kabeli Power Ltd.,262,257,257,258,393
2018-07-26,Arun Kabeli Power Ltd.,255,256,250,252,873
2018-07-29,Arun Kabeli Power Ltd.,254,252,252,254,454
2018-08-07,Arun Kabeli Power Ltd.,260,256,253,253,1796
2018-08-12,Arun Kabeli Power Ltd.,249,251,247,249,381
2018-08-15,Arun Kabeli Power Ltd.,258,244,244,258,3757
2018-08-21,Arun Kabeli Power Ltd.,246,244,242,242,683
2018-08-22,Arun Kabeli Power Ltd.,245,242,242,242,52
2018-08-26,Arun Kabeli Power Ltd.,245,245,239,242,463
2018-09-02,Arun Kabeli Power Ltd.,242,242,235,240,1100
2018-09-03,Arun Kabeli Power Ltd.,251,240,239,251,165
2018-09-04,Arun Kabeli Power Ltd.,247,251,241,243,1119
2018-09-05,Arun Kabeli Power Ltd.,256,243,240,256,442
2018-09-06,Arun Kabeli Power Ltd.,261,256,246,246,1383
2018-09-09,Arun Kabeli Power Ltd.,245,246,234,240,724
2018-09-10,Arun Kabeli Power Ltd.,246,240,240,246,66
2018-09-11,Arun Kabeli Power Ltd.,252,246,241,244,918
2018-09-12,Arun Kabeli Power Ltd.,249,244,240,242,262
2018-09-13,Arun Kabeli Power Ltd.,250,242,240,244,2657
2018-09-23,Arun Kabeli Power Ltd.,271,266,256,271,891
2018-09-26,Arun Kabeli Power Ltd.,269,264,260,269,432
2018-09-30,Arun Kabeli Power Ltd.,255,255,248,251,1406
2018-10-01,Arun Kabeli Power Ltd.,254,251,246,248,653
2018-10-02,Arun Kabeli Power Ltd.,254,248,244,246,687
2018-10-07,Arun Kabeli Power Ltd.,244,242,238,244,828
2018-10-08,Arun Kabeli Power Ltd.,248,244,240,244,3025
2018-10-09,Arun Kabeli Power Ltd.,246,244,240,244,939
2018-10-11,Arun Kabeli Power Ltd.,240,235,231,235,1698
2018-10-10,Arun Kabeli Power Ltd.,240,244,235,235,1180
2018-11-06,Arun Kabeli Power Ltd.,220,216,220,222,13
2018-10-15,Arun Kabeli Power Ltd.,240,240,238,238,63
2018-10-21,Arun Kabeli Power Ltd.,238,238,232,234,306
2018-10-23,Arun Kabeli Power Ltd.,244,232,226,244,1088
2018-10-29,Arun Kabeli Power Ltd.,235,234,231,231,997
2018-10-31,Arun Kabeli Power Ltd.,233,232,229,229,2052
2018-10-14,Arun Kabeli Power Ltd.,240,235,235,240,145
2018-10-22,Arun Kabeli Power Ltd.,235,234,231,232,440
2018-10-25,Arun Kabeli Power Ltd.,240,244,233,235,645
2018-10-28,Arun Kabeli Power Ltd.,236,235,232,234,1233
2018-10-30,Arun Kabeli Power Ltd.,233,231,230,232,756
2018-11-01,Arun Kabeli Power Ltd.,227,229,223,225,1912
2018-11-04,Arun Kabeli Power Ltd.,223,225,215,220,1074
2018-11-05,Arun Kabeli Power Ltd.,220,220,209,216,1213
2018-11-11,Arun Kabeli Power Ltd.,222,222,221,221,100
2018-11-19,Arun Kabeli Power Ltd.,212,212,196,199,1462
2018-11-13,Arun Kabeli Power Ltd.,221,221,212,212,1090
2018-11-14,Arun Kabeli Power Ltd.,212,212,208,212,1275
2018-11-15,Arun Kabeli Power Ltd.,219,212,209,219,416
2018-11-18,Arun Kabeli Power Ltd.,219,219,211,212,252
2018-11-21,Arun Kabeli Power Ltd.,198,198,191,193,1259
2018-11-22,Arun Kabeli Power Ltd.,193,193,190,192,1229
2018-11-20,Arun Kabeli Power Ltd.,200,199,194,198,1150
2018-11-27,Arun Kabeli Power Ltd.,191,189,187,190,1423
2018-11-26,Arun Kabeli Power Ltd.,191,191,189,189,346
2018-11-28,Arun Kabeli Power Ltd.,190,190,187,188,1994
2018-11-25,Arun Kabeli Power Ltd.,193,192,190,191,1360
2018-11-29,Arun Kabeli Power Ltd.,191,188,188,188,655
2018-12-03,Arun Kabeli Power Ltd.,192,190,186,187,388
2018-12-02,Arun Kabeli Power Ltd.,190,188,179,190,1432
2018-12-04,Arun Kabeli Power Ltd.,188,187,185,188,654
2018-12-05,Arun Kabeli Power Ltd.,189,188,182,187,770
2018-12-11,Arun Kabeli Power Ltd.,192,188,188,192,637
2018-12-06,Arun Kabeli Power Ltd.,190,187,184,190,730
2018-12-09,Arun Kabeli Power Ltd.,190,190,186,187,302
2018-12-10,Arun Kabeli Power Ltd.,190,187,187,188,1825
2018-12-12,Arun Kabeli Power Ltd.,195,192,191,195,183
2018-12-20,Arun Kabeli Power Ltd.,198,186,186,187,397
2018-12-13,Arun Kabeli Power Ltd.,199,195,192,199,282
2018-12-16,Arun Kabeli Power Ltd.,199,199,191,191,2196
2018-12-17,Arun Kabeli Power Ltd.,191,191,185,185,2312
2018-12-18,Arun Kabeli Power Ltd.,186,185,183,186,711
2018-12-19,Arun Kabeli Power Ltd.,189,186,183,186,281
2018-12-25,Arun Kabeli Power Ltd.,190,187,185,190,416
2018-12-23,Arun Kabeli Power Ltd.,196,187,187,196,5199
2018-12-24,Arun Kabeli Power Ltd.,199,196,187,187,465
2018-12-26,Arun Kabeli Power Ltd.,197,190,187,197,1604
2019-01-02,Arun Kabeli Power Ltd.,193,193,184,184,689
2018-12-27,Arun Kabeli Power Ltd.,200,197,192,192,1853
2018-12-31,Arun Kabeli Power Ltd.,193,187,185,193,182
2018-12-30,Arun Kabeli Power Ltd.,193,192,187,187,749
2019-01-08,Arun Kabeli Power Ltd.,184,184,181,184,161
2019-01-03,Arun Kabeli Power Ltd.,185,184,183,185,273
2019-01-06,Arun Kabeli Power Ltd.,185,185,182,183,431
2019-01-07,Arun Kabeli Power Ltd.,186,183,182,184,349
2019-01-13,Arun Kabeli Power Ltd.,185,184,182,185,110
2019-01-09,Arun Kabeli Power Ltd.,190,184,184,187,1535
2019-01-10,Arun Kabeli Power Ltd.,187,187,184,184,423
2019-01-21,Arun Kabeli Power Ltd.,192,190,185,186,2765
2019-01-15,Arun Kabeli Power Ltd.,194,177,177,194,731
2019-01-20,Arun Kabeli Power Ltd.,192,192,189,190,416
2019-01-14,Arun Kabeli Power Ltd.,186,185,177,177,5506
2019-01-16,Arun Kabeli Power Ltd.,197,194,187,187,2662
2019-01-17,Arun Kabeli Power Ltd.,193,187,185,192,458
2019-01-28,Arun Kabeli Power Ltd.,185,180,180,185,136
2019-01-24,Arun Kabeli Power Ltd.,187,185,183,184,402
2019-01-22,Arun Kabeli Power Ltd.,186,186,181,185,954
2019-01-23,Arun Kabeli Power Ltd.,186,185,183,185,307
2019-01-27,Arun Kabeli Power Ltd.,184,184,178,180,1223
2019-01-29,Arun Kabeli Power Ltd.,185,185,182,184,154
2019-02-04,Arun Kabeli Power Ltd.,183,182,176,182,728
2019-01-30,Arun Kabeli Power Ltd.,185,184,182,185,838
2019-02-03,Arun Kabeli Power Ltd.,187,187,182,182,1703
2019-01-31,Arun Kabeli Power Ltd.,187,185,184,187,694
2019-02-05,Arun Kabeli Power Ltd.,183,182,179,182,485
2019-02-13,Arun Kabeli Power Ltd.,172,172,166,169,424
2019-02-06,Arun Kabeli Power Ltd.,182,182,177,179,539
2019-02-07,Arun Kabeli Power Ltd.,179,179,176,179,372
2019-02-10,Arun Kabeli Power Ltd.,179,179,172,174,1035
2019-02-11,Arun Kabeli Power Ltd.,175,174,171,172,1190
2019-02-12,Arun Kabeli Power Ltd.,175,172,172,172,846
2019-02-14,Arun Kabeli Power Ltd.,169,169,162,163,2648
2019-02-17,Arun Kabeli Power Ltd.,163,163,155,155,1367
2019-02-18,Arun Kabeli Power Ltd.,155,155,148,148,2580
2019-02-26,Arun Kabeli Power Ltd.,155,152,152,153,378
2019-02-19,Arun Kabeli Power Ltd.,156,148,146,156,2243
2019-02-21,Arun Kabeli Power Ltd.,152,152,149,152,275
2019-02-20,Arun Kabeli Power Ltd.,156,156,149,152,832
2019-02-24,Arun Kabeli Power Ltd.,157,152,148,152,1018
2019-02-25,Arun Kabeli Power Ltd.,152,152,148,152,557
2019-03-05,Arun Kabeli Power Ltd.,161,152,151,156,1597
2019-02-27,Arun Kabeli Power Ltd.,155,153,152,155,62
2019-03-03,Arun Kabeli Power Ltd.,157,155,152,152,1001
2019-03-06,Arun Kabeli Power Ltd.,158,156,153,158,1040
2019-03-12,Arun Kabeli Power Ltd.,193,181,176,193,7097
2019-03-07,Arun Kabeli Power Ltd.,167,158,158,167,1234
2019-03-11,Arun Kabeli Power Ltd.,184,172,169,181,7392
2019-03-17,Arun Kabeli Power Ltd.,181,178,177,180,1669
2019-03-10,Arun Kabeli Power Ltd.,172,167,166,172,579
2019-03-13,Arun Kabeli Power Ltd.,193,193,178,178,4344
2019-03-14,Arun Kabeli Power Ltd.,180,178,176,178,390
2019-03-18,Arun Kabeli Power Ltd.,179,180,175,175,301
2019-03-19,Arun Kabeli Power Ltd.,172,175,169,170,860
2019-03-27,Arun Kabeli Power Ltd.,171,169,166,170,305
2019-03-21,Arun Kabeli Power Ltd.,173,170,165,173,895
2019-03-24,Arun Kabeli Power Ltd.,170,173,167,167,519
2019-03-25,Arun Kabeli Power Ltd.,169,167,164,167,801
2019-03-26,Arun Kabeli Power Ltd.,170,167,165,169,835
2019-04-01,Arun Kabeli Power Ltd.,187,184,177,184,5844
2019-03-28,Arun Kabeli Power Ltd.,176,170,167,176,342
2019-04-02,Arun Kabeli Power Ltd.,181,184,172,181,195
2019-03-31,Arun Kabeli Power Ltd.,184,176,171,184,1698
2019-04-03,Arun Kabeli Power Ltd.,184,181,175,182,3562
2019-04-07,Arun Kabeli Power Ltd.,176,179,170,174,569
2019-04-04,Arun Kabeli Power Ltd.,185,182,176,179,6799
2019-04-08,Arun Kabeli Power Ltd.,177,174,168,169,3043
2019-04-09,Arun Kabeli Power Ltd.,172,169,165,171,745
2019-04-17,Arun Kabeli Power Ltd.,169,166,162,169,1731
2019-04-10,Arun Kabeli Power Ltd.,177,171,164,171,2888
2019-04-11,Arun Kabeli Power Ltd.,171,171,165,170,1456
2019-04-15,Arun Kabeli Power Ltd.,168,170,165,165,210
2019-04-16,Arun Kabeli Power Ltd.,169,165,166,166,638
2019-04-18,Arun Kabeli Power Ltd.,166,169,162,163,623
2019-04-23,Arun Kabeli Power Ltd.,168,171,162,163,1382
2019-04-22,Arun Kabeli Power Ltd.,174,177,171,171,200
2019-04-21,Arun Kabeli Power Ltd.,177,163,161,177,904
2019-04-30,Arun Kabeli Power Ltd.,194,181,172,191,12666
2019-04-24,Arun Kabeli Power Ltd.,171,163,160,171,1576
2019-04-25,Arun Kabeli Power Ltd.,173,171,167,167,524
2019-04-28,Arun Kabeli Power Ltd.,181,167,161,181,2046
2019-05-02,Arun Kabeli Power Ltd.,194,191,180,184,13329
2019-05-06,Arun Kabeli Power Ltd.,183,178,176,183,4525
2019-05-05,Arun Kabeli Power Ltd.,181,184,177,178,801
2019-05-08,Arun Kabeli Power Ltd.,182,185,176,179,2199
2019-05-09,Arun Kabeli Power Ltd.,181,179,176,181,1417
2019-05-12,Arun Kabeli Power Ltd.,191,181,176,188,7419
2019-05-13,Arun Kabeli Power Ltd.,200,188,183,199,7078
2019-05-07,Arun Kabeli Power Ltd.,185,183,176,185,1733
2019-05-15,Arun Kabeli Power Ltd.,199,200,195,196,2810
2019-05-14,Arun Kabeli Power Ltd.,208,199,196,200,7892
2019-05-16,Arun Kabeli Power Ltd.,200,196,191,200,9575
2019-05-22,Arun Kabeli Power Ltd.,217,198,201,217,26290
2019-05-20,Arun Kabeli Power Ltd.,190,192,186,188,9209
2019-05-19,Arun Kabeli Power Ltd.,197,200,192,192,5730
2019-05-21,Arun Kabeli Power Ltd.,204,188,185,198,4286
2019-05-26,Arun Kabeli Power Ltd.,201,205,190,192,4013
2019-05-23,Arun Kabeli Power Ltd.,220,217,197,205,10678
2019-05-27,Arun Kabeli Power Ltd.,200,192,183,200,2791
2019-06-04,Arun Kabeli Power Ltd.,192,187,184,192,1592
2019-05-29,Arun Kabeli Power Ltd.,195,198,192,192,3380
2019-06-02,Arun Kabeli Power Ltd.,201,192,186,192,6704
2019-05-28,Arun Kabeli Power Ltd.,198,200,193,198,1437
2019-05-30,Arun Kabeli Power Ltd.,195,192,191,192,2485
2019-06-03,Arun Kabeli Power Ltd.,190,192,186,187,2588
2019-06-11,Arun Kabeli Power Ltd.,194,191,188,190,1154
2019-06-06,Arun Kabeli Power Ltd.,194,192,189,193,3591
2019-06-10,Arun Kabeli Power Ltd.,194,193,191,191,599
2019-06-18,Arun Kabeli Power Ltd.,183,181,172,180,830
2019-06-12,Arun Kabeli Power Ltd.,189,190,187,187,1016
2019-06-13,Arun Kabeli Power Ltd.,187,187,184,184,1265
2019-06-16,Arun Kabeli Power Ltd.,187,184,181,184,221
2019-06-17,Arun Kabeli Power Ltd.,182,184,178,181,221
2019-06-23,Arun Kabeli Power Ltd.,187,188,180,180,2557
2019-06-19,Arun Kabeli Power Ltd.,187,180,177,187,381
2019-06-20,Arun Kabeli Power Ltd.,190,187,185,188,1900
2019-07-03,Arun Kabeli Power Ltd.,190,184,183,190,9108
2019-06-24,Arun Kabeli Power Ltd.,190,180,180,190,9312
2019-06-25,Arun Kabeli Power Ltd.,188,190,182,182,921
2019-06-26,Arun Kabeli Power Ltd.,190,182,185,190,2638
2019-06-27,Arun Kabeli Power Ltd.,190,190,183,183,547
2019-06-30,Arun Kabeli Power Ltd.,189,183,183,189,1489
2019-07-01,Arun Kabeli Power Ltd.,190,189,184,189,1955
2019-07-02,Arun Kabeli Power Ltd.,187,189,184,184,214
2019-07-04,Arun Kabeli Power Ltd.,187,190,183,187,325
2019-07-14,Arun Kabeli Power Ltd.,189,192,177,180,5845
2019-07-08,Arun Kabeli Power Ltd.,189,182,183,189,2622
2019-07-09,Arun Kabeli Power Ltd.,198,189,195,195,1010
2019-07-10,Arun Kabeli Power Ltd.,204,195,177,195,26661
2019-07-11,Arun Kabeli Power Ltd.,204,195,192,192,20
2019-07-07,Arun Kabeli Power Ltd.,187,187,182,182,142
2019-07-18,Arun Kabeli Power Ltd.,180,180,177,180,5360
2019-07-17,Arun Kabeli Power Ltd.,185,188,175,180,4315
2019-07-15,Arun Kabeli Power Ltd.,181,180,177,177,3453
2019-07-16,Arun Kabeli Power Ltd.,188,177,174,188,3457
2019-07-21,Arun Kabeli Power Ltd.,177,180,172,176,2957
2019-07-22,Arun Kabeli Power Ltd.,179,176,173,175,11449
2019-07-24,Arun Kabeli Power Ltd.,178,175,173,178,2799
2019-07-23,Arun Kabeli Power Ltd.,177,175,173,175,11037
2019-08-01,Arun Kabeli Power Ltd.,178,169,169,170,966
2019-07-25,Arun Kabeli Power Ltd.,178,178,173,174,1303
2019-07-29,Arun Kabeli Power Ltd.,173,173,167,170,972
2019-07-28,Arun Kabeli Power Ltd.,173,174,170,173,4151
2019-07-30,Arun Kabeli Power Ltd.,173,170,167,171,3127
2019-07-31,Arun Kabeli Power Ltd.,173,171,169,169,3053
2019-08-07,Arun Kabeli Power Ltd.,172,168,165,169,344
2019-08-05,Arun Kabeli Power Ltd.,171,171,168,171,2877
2019-08-06,Arun Kabeli Power Ltd.,168,171,167,168,1981
2019-08-04,Arun Kabeli Power Ltd.,171,170,167,171,2950
2019-08-08,Arun Kabeli Power Ltd.,169,169,165,167,606
2019-08-11,Arun Kabeli Power Ltd.,166,167,164,164,1301
2019-08-12,Arun Kabeli Power Ltd.,165,164,162,164,574
2019-08-13,Arun Kabeli Power Ltd.,167,164,163,165,3690
2019-08-18,Arun Kabeli Power Ltd.,161,160,157,158,375
2019-08-14,Arun Kabeli Power Ltd.,165,165,162,162,1034
2019-08-15,Arun Kabeli Power Ltd.,162,162,160,160,749
2019-08-27,Arun Kabeli Power Ltd.,157,159,153,153,2320
2019-08-19,Arun Kabeli Power Ltd.,163,158,155,163,1918
2019-08-20,Arun Kabeli Power Ltd.,158,163,154,156,553
2019-08-21,Arun Kabeli Power Ltd.,161,156,152,161,5578
2019-08-22,Arun Kabeli Power Ltd.,159,161,154,159,7328
2019-08-25,Arun Kabeli Power Ltd.,156,159,151,156,321
2019-08-26,Arun Kabeli Power Ltd.,159,156,150,159,1176
2019-08-29,Arun Kabeli Power Ltd.,151,151,149,151,1057
2019-08-28,Arun Kabeli Power Ltd.,155,153,150,151,4560
2019-09-01,Arun Kabeli Power Ltd.,155,151,151,155,5681
2019-09-04,Arun Kabeli Power Ltd.,159,156,159,159,10
2019-09-02,Arun Kabeli Power Ltd.,155,155,147,149,3570
2019-09-03,Arun Kabeli Power Ltd.,156,149,141,156,5658
2019-09-08,Arun Kabeli Power Ltd.,150,148,146,148,2638
2019-09-05,Arun Kabeli Power Ltd.,156,159,147,148,3387
2019-09-09,Arun Kabeli Power Ltd.,148,148,144,146,2520
2019-09-15,Arun Kabeli Power Ltd.,135,137,127,134,3744
2019-09-10,Arun Kabeli Power Ltd.,144,146,138,140,7880
2019-09-10,Arun Kabeli Power Ltd.,144,146,138,140,7880
2019-09-11,Arun Kabeli Power Ltd.,144,140,139,144,653
2019-09-12,Arun Kabeli Power Ltd.,151,144,135,137,11208
2019-09-17,Arun Kabeli Power Ltd.,141,130,132,141,6130
2019-09-16,Arun Kabeli Power Ltd.,135,134,129,130,12722
2019-09-18,Arun Kabeli Power Ltd.,143,141,135,141,3059
2019-09-29,Arun Kabeli Power Ltd.,135,135,129,135,1845
2019-09-22,Arun Kabeli Power Ltd.,133,133,131,132,245
2019-09-23,Arun Kabeli Power Ltd.,133,132,129,131,2356
2019-09-26,Arun Kabeli Power Ltd.,135,133,129,135,666
2019-09-19,Arun Kabeli Power Ltd.,140,141,133,133,1581
2019-09-24,Arun Kabeli Power Ltd.,131,131,130,130,500
2019-09-25,Arun Kabeli Power Ltd.,133,130,130,133,947
2019-10-02,Arun Kabeli Power Ltd.,138,139,138,138,10
2019-09-30,Arun Kabeli Power Ltd.,140,135,133,140,1591
2019-10-01,Arun Kabeli Power Ltd.,140,140,138,139,1730
2019-10-10,Arun Kabeli Power Ltd.,142,140,132,142,1290
2019-10-03,Arun Kabeli Power Ltd.,140,138,136,140,354
2019-10-14,Arun Kabeli Power Ltd.,142,142,134,134,289
2019-10-15,Arun Kabeli Power Ltd.,136,134,134,136,2025
2019-10-17,Arun Kabeli Power Ltd.,137,134,132,134,2260
2019-11-03,Arun Kabeli Power Ltd.,131,129,128,130,869
2019-10-20,Arun Kabeli Power Ltd.,136,134,133,134,175
2019-10-21,Arun Kabeli Power Ltd.,134,134,132,134,815
2019-10-24,Arun Kabeli Power Ltd.,138,138,130,130,1460
2019-10-31,Arun Kabeli Power Ltd.,131,130,127,129,753
2019-10-16,Arun Kabeli Power Ltd.,134,136,134,134,13
2019-10-22,Arun Kabeli Power Ltd.,137,134,133,137,383
2019-10-23,Arun Kabeli Power Ltd.,138,137,132,138,1387
2019-11-04,Arun Kabeli Power Ltd.,130,130,126,129,4854
2019-11-10,Arun Kabeli Power Ltd.,128,129,125,125,199
2019-11-05,Arun Kabeli Power Ltd.,130,129,127,129,1825
2019-11-07,Arun Kabeli Power Ltd.,129,129,127,129,417
2019-11-06,Arun Kabeli Power Ltd.,131,129,129,129,172
2019-11-19,Arun Kabeli Power Ltd.,123,125,119,119,9560
2019-11-11,Arun Kabeli Power Ltd.,129,125,123,129,266
2019-11-14,Arun Kabeli Power Ltd.,132,130,126,129,2824
2019-11-12,Arun Kabeli Power Ltd.,130,129,121,130,1060
2019-11-13,Arun Kabeli Power Ltd.,130,130,130,130,551
2019-11-17,Arun Kabeli Power Ltd.,130,129,125,125,6438
2019-11-18,Arun Kabeli Power Ltd.,125,125,121,125,3859
2019-11-21,Arun Kabeli Power Ltd.,117,115,113,113,2369
2019-11-20,Arun Kabeli Power Ltd.,121,119,115,115,8598
2019-11-24,Arun Kabeli Power Ltd.,111,113,108,109,5100
2019-11-25,Arun Kabeli Power Ltd.,113,109,106,113,1260
2019-11-26,Arun Kabeli Power Ltd.,112,113,111,112,1577
2019-12-04,Arun Kabeli Power Ltd.,117,116,112,117,5646
2019-11-27,Arun Kabeli Power Ltd.,118,112,110,116,1431
2019-11-28,Arun Kabeli Power Ltd.,120,116,114,120,869
2019-12-01,Arun Kabeli Power Ltd.,122,120,117,122,1287
2019-12-03,Arun Kabeli Power Ltd.,117,114,112,116,1966
2019-12-02,Arun Kabeli Power Ltd.,120,122,114,114,2284
2019-12-08,Arun Kabeli Power Ltd.,115,116,113,113,291
2019-12-05,Arun Kabeli Power Ltd.,119,117,113,116,1132
2019-12-15,Arun Kabeli Power Ltd.,132,128,122,123,6597
2019-12-09,Arun Kabeli Power Ltd.,124,113,113,122,739
2019-12-11,Arun Kabeli Power Ltd.,121,117,115,121,1415
2019-12-12,Arun Kabeli Power Ltd.,129,121,118,128,9016
2019-12-10,Arun Kabeli Power Ltd.,121,122,117,117,1700
2019-12-19,Arun Kabeli Power Ltd.,123,125,119,120,3629
2019-12-16,Arun Kabeli Power Ltd.,128,123,121,126,2455
2019-12-17,Arun Kabeli Power Ltd.,128,126,123,123,5010
2019-12-18,Arun Kabeli Power Ltd.,125,123,121,125,696
2019-12-23,Arun Kabeli Power Ltd.,117,112,114,115,7233
2019-12-22,Arun Kabeli Power Ltd.,118,120,108,112,83816
2019-12-25,Arun Kabeli Power Ltd.,112,114,110,112,20914
2019-12-24,Arun Kabeli Power Ltd.,117,115,112,114,22566
2020-01-01,Arun Kabeli Power Ltd.,114,109,109,112,36221
2019-12-26,Arun Kabeli Power Ltd.,111,112,109,109,21944
2019-12-29,Arun Kabeli Power Ltd.,110,109,107,109,17933
2019-12-30,Arun Kabeli Power Ltd.,112,109,107,110,15955
2020-01-01,Arun Kabeli Power Ltd.,114,109,109,112,36221
2019-12-31,Arun Kabeli Power Ltd.,110,110,108,109,19770
2020-01-08,Arun Kabeli Power Ltd.,119,119,114,114,20050
2020-01-02,Arun Kabeli Power Ltd.,114,112,111,114,26330
2020-01-05,Arun Kabeli Power Ltd.,120,114,112,116,21265
2020-01-06,Arun Kabeli Power Ltd.,117,116,113,116,39011
2020-01-07,Arun Kabeli Power Ltd.,122,116,112,119,32615
2020-01-09,Arun Kabeli Power Ltd.,118,114,112,115,54453
2020-01-14,Arun Kabeli Power Ltd.,137,128,124,135,88180
2020-01-12,Arun Kabeli Power Ltd.,121,115,113,120,53096
2020-01-13,Arun Kabeli Power Ltd.,132,120,117,128,148466
2020-01-15,Arun Kabeli Power Ltd.,141,135,133,139,64081
2020-01-16,Arun Kabeli Power Ltd.,141,139,134,136,35964
2020-01-22,Arun Kabeli Power Ltd.,131,127,125,128,11644
2020-01-21,Arun Kabeli Power Ltd.,130,126,123,127,38192
2020-01-19,Arun Kabeli Power Ltd.,140,136,132,135,63016
2020-01-28,Arun Kabeli Power Ltd.,126,125,123,123,27660
2020-01-20,Arun Kabeli Power Ltd.,136,135,126,126,44731
2020-01-23,Arun Kabeli Power Ltd.,128,128,124,125,14223
2020-01-26,Arun Kabeli Power Ltd.,125,125,120,125,62926
2020-01-27,Arun Kabeli Power Ltd.,127,125,122,125,27122
2020-01-29,Arun Kabeli Power Ltd.,123,123,119,120,38668
2020-02-03,Arun Kabeli Power Ltd.,130,120,120,124,183561
2020-01-30,Arun Kabeli Power Ltd.,131,120,119,125,67838
2020-02-02,Arun Kabeli Power Ltd.,126,125,120,120,124643
2020-02-05,Arun Kabeli Power Ltd.,129,126,123,124,61072
2020-02-04,Arun Kabeli Power Ltd.,129,124,123,126,165636
2020-02-09,Arun Kabeli Power Ltd.,124,124,121,122,82227
2020-02-10,Arun Kabeli Power Ltd.,123,122,121,121,49998
2020-02-06,Arun Kabeli Power Ltd.,126,124,123,124,43448
2020-02-16,Arun Kabeli Power Ltd.,130,122,122,128,145215
2020-02-11,Arun Kabeli Power Ltd.,125,121,122,122,58315
2020-02-13,Arun Kabeli Power Ltd.,125,124,122,122,43748
2020-02-12,Arun Kabeli Power Ltd.,125,122,122,124,43900
2020-02-17,Arun Kabeli Power Ltd.,140,128,128,139,251370
2020-02-18,Arun Kabeli Power Ltd.,145,139,134,137,189982
2020-02-20,Arun Kabeli Power Ltd.,139,135,135,137,66486
2020-02-23,Arun Kabeli Power Ltd.,144,137,136,139,105342
2020-02-24,Arun Kabeli Power Ltd.,143,139,134,137,93296
2020-02-19,Arun Kabeli Power Ltd.,141,137,135,135,53365
2020-02-26,Arun Kabeli Power Ltd.,152,144,141,144,71470
2020-02-25,Arun Kabeli Power Ltd.,148,137,135,144,168767
2020-03-01,Arun Kabeli Power Ltd.,139,139,133,133,95475
2020-03-02,Arun Kabeli Power Ltd.,136,133,129,129,36954
2020-03-03,Arun Kabeli Power Ltd.,135,129,125,129,93003
2020-03-05,Arun Kabeli Power Ltd.,128,126,122,123,70594
2020-02-27,Arun Kabeli Power Ltd.,144,144,137,139,82676
2020-03-04,Arun Kabeli Power Ltd.,131,129,125,126,44397
2020-03-19,Arun Kabeli Power Ltd.,115,112,108,113,64256
2020-03-15,Arun Kabeli Power Ltd.,121,121,116,117,79157
2020-03-10,Arun Kabeli Power Ltd.,126,123,118,118,37222
2020-03-11,Arun Kabeli Power Ltd.,126,118,119,125,171929
2020-03-12,Arun Kabeli Power Ltd.,125,125,118,121,114156
2020-03-16,Arun Kabeli Power Ltd.,120,117,113,117,52082
2020-03-17,Arun Kabeli Power Ltd.,117,117,114,114,27976
2020-03-18,Arun Kabeli Power Ltd.,117,114,110,112,52714
2020-03-22,Arun Kabeli Power Ltd.,112,113,111,112,110
2020-06-30,Arun Kabeli Power Ltd.,122,111,112,122,13091
2020-05-13,Arun Kabeli Power Ltd.,107,109,106,106,250
2020-05-12,Arun Kabeli Power Ltd.,110,112,109,109,120
2020-06-29,Arun Kabeli Power Ltd.,114,106,100,111,22655
2020-07-02,Arun Kabeli Power Ltd.,125,125,113,113,2650
2020-07-01,Arun Kabeli Power Ltd.,132,122,124,125,13890
2020-07-13,Arun Kabeli Power Ltd.,119,117,116,118,14772
2020-07-05,Arun Kabeli Power Ltd.,121,113,112,114,19550
2020-07-06,Arun Kabeli Power Ltd.,117,114,113,117,15297
2020-07-07,Arun Kabeli Power Ltd.,123,117,116,120,34378
2020-07-08,Arun Kabeli Power Ltd.,119,120,115,116,14349
2020-07-09,Arun Kabeli Power Ltd.,118,116,114,115,17856
2020-07-12,Arun Kabeli Power Ltd.,121,115,115,117,20204
2020-07-14,Arun Kabeli Power Ltd.,120,118,115,117,14709
2020-07-20,Arun Kabeli Power Ltd.,129,126,118,120,39279
2020-07-15,Arun Kabeli Power Ltd.,119,117,115,116,17259
2020-07-16,Arun Kabeli Power Ltd.,119,116,115,117,39605
2020-07-19,Arun Kabeli Power Ltd.,126,117,122,126,590
2020-07-26,Arun Kabeli Power Ltd.,124,119,115,117,58457
2020-07-21,Arun Kabeli Power Ltd.,122,120,116,117,22331
2020-07-22,Arun Kabeli Power Ltd.,118,117,115,117,11474
2020-07-23,Arun Kabeli Power Ltd.,119,117,115,119,32260
2020-07-27,Arun Kabeli Power Ltd.,120,117,116,116,48691
2020-07-28,Arun Kabeli Power Ltd.,118,116,115,115,44336
2020-07-29,Arun Kabeli Power Ltd.,116,115,113,116,19757
2020-07-30,Arun Kabeli Power Ltd.,120,116,114,120,51869
2020-08-03,Arun Kabeli Power Ltd.,116,116,113,115,56318
2020-08-02,Arun Kabeli Power Ltd.,119,120,115,116,31127
2020-08-06,Arun Kabeli Power Ltd.,114,114,112,113,41673
2020-08-05,Arun Kabeli Power Ltd.,117,115,111,114,52076
2020-08-10,Arun Kabeli Power Ltd.,118,112,112,116,85043
2020-08-09,Arun Kabeli Power Ltd.,114,113,110,112,43961
2020-08-11,Arun Kabeli Power Ltd.,117,116,114,115,50072
2020-08-12,Arun Kabeli Power Ltd.,115,115,113,114,47650
2020-08-13,Arun Kabeli Power Ltd.,116,114,113,113,47518
2020-08-16,Arun Kabeli Power Ltd.,114,113,112,113,61466
2020-08-17,Arun Kabeli Power Ltd.,115,113,112,115,57414
2020-08-19,Arun Kabeli Power Ltd.,113,112,111,113,25480
2020-08-18,Arun Kabeli Power Ltd.,117,115,112,112,31339
2020-08-24,Arun Kabeli Power Ltd.,118,112,112,117,69312
2020-08-20,Arun Kabeli Power Ltd.,116,113,108,113,4452
2020-08-23,Arun Kabeli Power Ltd.,115,113,112,112,33298
2020-09-02,Arun Kabeli Power Ltd.,152,139,142,152,169513
2020-08-25,Arun Kabeli Power Ltd.,121,117,115,121,31700
2020-08-26,Arun Kabeli Power Ltd.,120,121,116,117,32481
2020-08-27,Arun Kabeli Power Ltd.,121,117,112,118,105374
2020-08-30,Arun Kabeli Power Ltd.,129,118,120,127,260489
2020-08-31,Arun Kabeli Power Ltd.,139,127,121,139,323989
2020-09-08,Arun Kabeli Power Ltd.,176,168,156,168,198230
2020-09-03,Arun Kabeli Power Ltd.,167,152,151,167,507261
2020-09-06,Arun Kabeli Power Ltd.,180,167,161,177,507389
2020-09-07,Arun Kabeli Power Ltd.,174,177,163,168,281741
2020-09-13,Arun Kabeli Power Ltd.,178,164,161,174,277544
2020-09-09,Arun Kabeli Power Ltd.,176,168,161,161,94772
2020-09-10,Arun Kabeli Power Ltd.,169,161,158,164,95331
2020-09-14,Arun Kabeli Power Ltd.,187,174,172,187,361404
2020-09-15,Arun Kabeli Power Ltd.,190,187,181,183,142940
2020-09-20,Arun Kabeli Power Ltd.,211,204,185,195,385240
2020-09-16,Arun Kabeli Power Ltd.,197,183,179,194,249235
2020-09-17,Arun Kabeli Power Ltd.,208,194,192,204,276619
2020-09-24,Arun Kabeli Power Ltd.,220,200,200,218,691961
2020-09-23,Arun Kabeli Power Ltd.,201,190,184,200,181706
2020-09-27,Arun Kabeli Power Ltd.,229,218,207,214,339516
2020-09-21,Arun Kabeli Power Ltd.,200,195,186,195,267468
2020-09-22,Arun Kabeli Power Ltd.,198,195,187,190,135947
2020-09-30,Arun Kabeli Power Ltd.,245,228,227,243,416810
2020-09-28,Arun Kabeli Power Ltd.,222,214,202,215,107644
2020-09-29,Arun Kabeli Power Ltd.,228,215,213,228,784871
2020-10-11,Arun Kabeli Power Ltd.,256,250,245,252,297090
2020-10-01,Arun Kabeli Power Ltd.,245,243,232,236,214757
2020-10-04,Arun Kabeli Power Ltd.,249,236,225,235,408664
2020-10-08,Arun Kabeli Power Ltd.,272,267,249,250,484764
2020-10-05,Arun Kabeli Power Ltd.,255,235,239,249,472846
2020-10-06,Arun Kabeli Power Ltd.,258,249,237,252,381030
2020-10-07,Arun Kabeli Power Ltd.,277,252,252,267,578663
2020-10-12,Arun Kabeli Power Ltd.,264,252,245,247,167487
2020-10-14,Arun Kabeli Power Ltd.,250,247,239,241,180194
2020-10-18,Arun Kabeli Power Ltd.,255,245,242,249,118247
2020-10-13,Arun Kabeli Power Ltd.,260,247,243,247,450519
2020-10-15,Arun Kabeli Power Ltd.,250,241,229,245,143041
2020-10-20,Arun Kabeli Power Ltd.,271,259,260,267,338528
2020-10-19,Arun Kabeli Power Ltd.,259,249,249,259,138838
2020-10-29,Arun Kabeli Power Ltd.,266,261,258,261,144749
2020-10-21,Arun Kabeli Power Ltd.,269,267,261,263,121928
2020-10-28,Arun Kabeli Power Ltd.,262,261,254,261,64241
2020-10-22,Arun Kabeli Power Ltd.,276,263,261,261,159008
2020-11-01,Arun Kabeli Power Ltd.,267,261,259,259,182725
2020-11-04,Arun Kabeli Power Ltd.,274,263,258,268,306703
2020-11-02,Arun Kabeli Power Ltd.,264,259,255,255,64882
2020-11-03,Arun Kabeli Power Ltd.,267,255,255,263,168191
2020-11-09,Arun Kabeli Power Ltd.,284,283,273,278,290193
2020-11-05,Arun Kabeli Power Ltd.,290,268,268,287,664865
2020-11-18,Arun Kabeli Power Ltd.,294,280,264,268,278038
2020-11-10,Arun Kabeli Power Ltd.,291,278,272,277,293155
2020-11-12,Arun Kabeli Power Ltd.,294,280,275,280,314486
2020-11-08,Arun Kabeli Power Ltd.,292,287,283,283,271374
2020-11-11,Arun Kabeli Power Ltd.,286,277,276,280,330146
2020-11-23,Arun Kabeli Power Ltd.,274,273,266,268,146121
2020-11-19,Arun Kabeli Power Ltd.,278,268,265,273,356350
2020-11-22,Arun Kabeli Power Ltd.,281,273,268,273,151938
2020-11-24,Arun Kabeli Power Ltd.,273,268,266,268,157546
2020-11-25,Arun Kabeli Power Ltd.,274,268,265,270,138827
2020-11-29,Arun Kabeli Power Ltd.,265,254,252,262,171088
2020-11-26,Arun Kabeli Power Ltd.,277,270,267,269,258529
2020-11-30,Arun Kabeli Power Ltd.,280,262,262,278,239766
2020-12-01,Arun Kabeli Power Ltd.,285,278,268,274,170780
2020-12-03,Arun Kabeli Power Ltd.,280,273,267,272,352726
2020-12-02,Arun Kabeli Power Ltd.,279,274,266,273,136949
2020-12-07,Arun Kabeli Power Ltd.,266,258,255,264,94733
2020-12-06,Arun Kabeli Power Ltd.,285,272,258,258,86437
2020-12-08,Arun Kabeli Power Ltd.,278,264,259,273,275930
2020-12-14,Arun Kabeli Power Ltd.,283,270,265,265,71284
2020-12-09,Arun Kabeli Power Ltd.,289,273,273,276,826604
2020-12-10,Arun Kabeli Power Ltd.,284,276,272,278,155283
2020-12-13,Arun Kabeli Power Ltd.,276,278,270,270,43275
2020-12-20,Arun Kabeli Power Ltd.,258,260,246,246,155878
2020-12-15,Arun Kabeli Power Ltd.,275,265,261,265,78197
2020-12-16,Arun Kabeli Power Ltd.,267,265,259,260,93758
2020-12-17,Arun Kabeli Power Ltd.,264,260,255,260,83752
2020-12-24,Arun Kabeli Power Ltd.,259,255,247,249,135314
2020-12-21,Arun Kabeli Power Ltd.,255,246,240,252,101016
2020-12-22,Arun Kabeli Power Ltd.,269,252,250,261,99816
2020-12-23,Arun Kabeli Power Ltd.,266,261,252,255,27417
2020-12-29,Arun Kabeli Power Ltd.,259,254,248,250,51210
2020-12-27,Arun Kabeli Power Ltd.,251,249,245,246,72044
2020-12-28,Arun Kabeli Power Ltd.,254,246,244,254,49733
2020-12-30,Arun Kabeli Power Ltd.,267,250,245,250,38348
2020-12-31,Arun Kabeli Power Ltd.,258,250,250,257,166023
2021-01-03,Arun Kabeli Power Ltd.,260,257,253,259,137269
2021-01-05,Arun Kabeli Power Ltd.,278,263,264,273,309970
2021-01-04,Arun Kabeli Power Ltd.,273,259,259,263,191806
2021-01-11,Arun Kabeli Power Ltd.,275,264,262,269,80629
2021-01-06,Arun Kabeli Power Ltd.,286,273,266,269,138740
2021-01-07,Arun Kabeli Power Ltd.,272,269,261,265,153465
2021-01-10,Arun Kabeli Power Ltd.,272,265,263,264,146086
2021-01-18,Arun Kabeli Power Ltd.,279,276,270,272,132709
2021-01-13,Arun Kabeli Power Ltd.,277,266,269,277,253995
2021-01-17,Arun Kabeli Power Ltd.,280,277,272,276,147702
2021-01-12,Arun Kabeli Power Ltd.,282,269,264,266,116448
2021-01-26,Arun Kabeli Power Ltd.,311,298,295,299,275916
2021-01-19,Arun Kabeli Power Ltd.,274,272,267,269,151379
2021-01-24,Arun Kabeli Power Ltd.,326,300,303,305,506533
2021-01-20,Arun Kabeli Power Ltd.,274,269,265,273,124299
2021-01-21,Arun Kabeli Power Ltd.,300,273,269,300,475655
2021-01-25,Arun Kabeli Power Ltd.,314,305,295,298,276130
2021-01-28,Arun Kabeli Power Ltd.,306,301,293,297,232443
2021-01-27,Arun Kabeli Power Ltd.,309,299,296,301,190866
2021-01-31,Arun Kabeli Power Ltd.,295,297,284,289,169756
2021-02-11,Arun Kabeli Power Ltd.,347,331,328,336,467947
2021-02-02,Arun Kabeli Power Ltd.,306,294,293,305,300984
2021-02-03,Arun Kabeli Power Ltd.,335,305,310,327,1073984
2021-02-04,Arun Kabeli Power Ltd.,346,327,318,340,498709
2021-02-07,Arun Kabeli Power Ltd.,368,340,345,355,496380
2021-02-08,Arun Kabeli Power Ltd.,362,355,344,349,418866
2021-02-01,Arun Kabeli Power Ltd.,303,289,287,294,119453
2021-02-09,Arun Kabeli Power Ltd.,357,349,332,339,297889
2021-02-10,Arun Kabeli Power Ltd.,355,339,330,331,292010
2021-02-14,Arun Kabeli Power Ltd.,350,336,325,331,132596
2021-02-17,Arun Kabeli Power Ltd.,340,336,330,333,185035
2021-02-15,Arun Kabeli Power Ltd.,347,331,332,338,231045
2021-02-16,Arun Kabeli Power Ltd.,344,338,330,336,253085
2021-02-22,Arun Kabeli Power Ltd.,345,334,328,329,143616
2021-02-21,Arun Kabeli Power Ltd.,345,330,329,334,168663
2021-02-18,Arun Kabeli Power Ltd.,336,333,329,330,131578
2021-02-23,Arun Kabeli Power Ltd.,333,329,316,329,127744
2021-02-24,Arun Kabeli Power Ltd.,340,329,325,325,101981
2021-03-01,Arun Kabeli Power Ltd.,320,309,301,316,92277
2021-02-25,Arun Kabeli Power Ltd.,341,325,318,322,110762
2021-02-28,Arun Kabeli Power Ltd.,338,322,304,309,155933
2021-03-02,Arun Kabeli Power Ltd.,318,316,303,305,113061
2021-03-07,Arun Kabeli Power Ltd.,330,324,314,317,62313
2021-03-03,Arun Kabeli Power Ltd.,309,305,301,304,111582
2021-03-04,Arun Kabeli Power Ltd.,326,304,300,324,115157
2021-03-10,Arun Kabeli Power Ltd.,324,317,317,320,52766
2021-03-09,Arun Kabeli Power Ltd.,326,317,313,317,188870
2021-03-14,Arun Kabeli Power Ltd.,323,320,310,316,92310
2021-03-15,Arun Kabeli Power Ltd.,318,316,307,309,87792
2021-03-16,Arun Kabeli Power Ltd.,315,309,305,309,47327
2021-03-18,Arun Kabeli Power Ltd.,317,310,309,317,260206
2021-03-17,Arun Kabeli Power Ltd.,314,309,308,310,49039
2021-03-21,Arun Kabeli Power Ltd.,332,317,314,316,60649
2021-03-30,Arun Kabeli Power Ltd.,332,329,325,329,63744
2021-03-24,Arun Kabeli Power Ltd.,345,334,332,344,294418
2021-03-25,Arun Kabeli Power Ltd.,346,344,333,335,202046
2021-03-22,Arun Kabeli Power Ltd.,325,316,310,321,131308
2021-03-23,Arun Kabeli Power Ltd.,339,321,305,334,314289
2021-03-29,Arun Kabeli Power Ltd.,332,335,325,329,59879
2021-04-04,Arun Kabeli Power Ltd.,344,337,334,336,118875
2021-03-31,Arun Kabeli Power Ltd.,336,329,329,330,83567
2021-04-01,Arun Kabeli Power Ltd.,346,330,326,337,226134
2021-04-06,Arun Kabeli Power Ltd.,346,334,328,340,364925
2021-04-05,Arun Kabeli Power Ltd.,340,336,330,334,148903
2021-04-12,Arun Kabeli Power Ltd.,343,330,320,333,116168
2021-04-07,Arun Kabeli Power Ltd.,350,340,332,333,206075
2021-04-08,Arun Kabeli Power Ltd.,339,333,330,330,93862
2021-04-13,Arun Kabeli Power Ltd.,337,333,330,335,116361
2021-04-15,Arun Kabeli Power Ltd.,351,335,331,336,184237
2021-04-18,Arun Kabeli Power Ltd.,360,336,339,351,761334
2021-04-19,Arun Kabeli Power Ltd.,355,351,339,341,290675
2021-04-26,Arun Kabeli Power Ltd.,340,338,324,325,226564
2021-04-20,Arun Kabeli Power Ltd.,363,341,336,360,404412
2021-04-21,Arun Kabeli Power Ltd.,366,360,349,350,323315
2021-04-22,Arun Kabeli Power Ltd.,356,350,345,349,185879
2021-04-25,Arun Kabeli Power Ltd.,354,349,334,338,247852
2021-04-27,Arun Kabeli Power Ltd.,345,325,323,342,192255
2021-04-29,Arun Kabeli Power Ltd.,352,336,336,340,191298
2021-05-03,Arun Kabeli Power Ltd.,349,342,325,340,161883
2021-04-28,Arun Kabeli Power Ltd.,345,342,333,336,72840
2021-05-02,Arun Kabeli Power Ltd.,348,340,338,342,186531
2021-05-04,Arun Kabeli Power Ltd.,358,340,335,351,624687
2021-05-05,Arun Kabeli Power Ltd.,361,351,350,356,384481
2021-05-09,Arun Kabeli Power Ltd.,353,348,342,342,163371
2021-05-06,Arun Kabeli Power Ltd.,360,356,345,348,329436
2021-05-10,Arun Kabeli Power Ltd.,350,342,341,344,113699
2021-05-11,Arun Kabeli Power Ltd.,349,344,343,346,146524
2021-05-19,Arun Kabeli Power Ltd.,412,393,376,380,483778
2021-05-12,Arun Kabeli Power Ltd.,354,346,342,353,220023
2021-05-16,Arun Kabeli Power Ltd.,380,362,362,364,495370
2021-05-17,Arun Kabeli Power Ltd.,380,364,365,379,668227
2021-05-18,Arun Kabeli Power Ltd.,402,379,380,393,799163
2021-05-13,Arun Kabeli Power Ltd.,365,353,352,362,599643
2021-05-30,Arun Kabeli Power Ltd.,486,463,443,453,1012079
2021-05-20,Arun Kabeli Power Ltd.,382,380,373,378,310631
2021-05-23,Arun Kabeli Power Ltd.,391,378,361,389,397528
2021-05-24,Arun Kabeli Power Ltd.,397,389,385,390,530132
2021-05-25,Arun Kabeli Power Ltd.,424,390,390,421,825687
2021-05-27,Arun Kabeli Power Ltd.,463,421,412,463,836448
2021-06-02,Arun Kabeli Power Ltd.,456,435,415,452,327969
2021-05-31,Arun Kabeli Power Ltd.,470,453,421,427,606893
2021-06-01,Arun Kabeli Power Ltd.,441,427,415,435,366669
2021-06-07,Arun Kabeli Power Ltd.,457,434,435,455,392597
2021-06-06,Arun Kabeli Power Ltd.,441,439,424,434,349036
2021-06-03,Arun Kabeli Power Ltd.,464,452,435,439,333442
2021-06-08,Arun Kabeli Power Ltd.,477,455,452,452,476407
2021-06-09,Arun Kabeli Power Ltd.,476,452,445,464,510093
2021-06-15,Arun Kabeli Power Ltd.,517,514,493,495,525578
2021-06-10,Arun Kabeli Power Ltd.,508,464,463,490,606929
2021-06-13,Arun Kabeli Power Ltd.,530,490,493,527,790346
2021-06-14,Arun Kabeli Power Ltd.,553,527,503,514,772074
2021-06-17,Arun Kabeli Power Ltd.,490,475,460,474,284274
2021-06-16,Arun Kabeli Power Ltd.,510,495,460,475,512685
2021-06-23,Arun Kabeli Power Ltd.,475,460,437,437,201232
2021-06-20,Arun Kabeli Power Ltd.,481,474,441,452,325637
2021-06-21,Arun Kabeli Power Ltd.,470,452,427,428,341219
2021-06-22,Arun Kabeli Power Ltd.,462,428,414,460,328726
2021-06-24,Arun Kabeli Power Ltd.,455,437,425,436,184146
2021-06-27,Arun Kabeli Power Ltd.,453,436,436,440,143558
2021-06-28,Arun Kabeli Power Ltd.,448,440,433,434,115388
