date,company,open,high,low,close,volume
2015-10-14,Barun Hydropower Co. Ltd.,284,0,284,284,10
2015-10-15,Barun Hydropower Co. Ltd.,304,284,289,304,40
2015-10-19,Barun Hydropower Co. Ltd.,322,304,310,322,30
2015-10-25,Barun Hydropower Co. Ltd.,353,322,328,353,60
2015-10-27,Barun Hydropower Co. Ltd.,388,353,360,388,920
2015-10-28,Barun Hydropower Co. Ltd.,426,388,395,419,5200
2015-10-29,Barun Hydropower Co. Ltd.,422,419,400,412,4740
2015-11-01,Barun Hydropower Co. Ltd.,410,412,391,400,2670
2015-11-02,Barun Hydropower Co. Ltd.,397,400,385,385,1800
2015-11-03,Barun Hydropower Co. Ltd.,378,385,357,368,620
2015-11-04,Barun Hydropower Co. Ltd.,387,368,365,380,860
2015-11-05,Barun Hydropower Co. Ltd.,389,380,370,382,890
2015-11-08,Barun Hydropower Co. Ltd.,382,382,375,380,820
2015-11-09,Barun Hydropower Co. Ltd.,397,380,372,380,1260
2015-11-10,Barun Hydropower Co. Ltd.,397,380,374,397,1710
2015-11-15,Barun Hydropower Co. Ltd.,390,397,376,376,40
2015-11-16,Barun Hydropower Co. Ltd.,376,376,363,374,740
2015-11-18,Barun Hydropower Co. Ltd.,384,374,375,381,2180
2015-11-19,Barun Hydropower Co. Ltd.,390,381,366,366,2440
2015-11-22,Barun Hydropower Co. Ltd.,370,366,354,370,980
2015-11-23,Barun Hydropower Co. Ltd.,368,370,363,367,250
2015-11-24,Barun Hydropower Co. Ltd.,365,367,350,360,1000
2015-11-25,Barun Hydropower Co. Ltd.,359,360,341,344,1920
2015-11-26,Barun Hydropower Co. Ltd.,338,344,330,330,1200
2015-11-29,Barun Hydropower Co. Ltd.,342,330,330,330,1530
2015-11-30,Barun Hydropower Co. Ltd.,330,330,325,325,580
2015-12-01,Barun Hydropower Co. Ltd.,333,325,325,333,740
2015-12-02,Barun Hydropower Co. Ltd.,338,333,338,338,20
2015-12-03,Barun Hydropower Co. Ltd.,335,338,325,325,960
2015-12-06,Barun Hydropower Co. Ltd.,337,325,325,325,650
2015-12-07,Barun Hydropower Co. Ltd.,326,325,320,322,420
2015-12-08,Barun Hydropower Co. Ltd.,320,322,310,315,460
2015-12-09,Barun Hydropower Co. Ltd.,321,315,314,314,750
2015-12-10,Barun Hydropower Co. Ltd.,317,314,305,317,480
2015-12-13,Barun Hydropower Co. Ltd.,315,317,303,305,1440
2015-12-14,Barun Hydropower Co. Ltd.,307,305,301,306,1190
2015-12-15,Barun Hydropower Co. Ltd.,307,306,300,307,720
2015-12-16,Barun Hydropower Co. Ltd.,313,307,299,299,1110
2015-12-17,Barun Hydropower Co. Ltd.,295,299,289,289,940
2015-12-20,Barun Hydropower Co. Ltd.,290,289,274,285,1280
2015-12-21,Barun Hydropower Co. Ltd.,286,285,276,281,1790
2015-12-22,Barun Hydropower Co. Ltd.,286,281,274,274,750
2015-12-23,Barun Hydropower Co. Ltd.,275,274,266,269,670
2015-12-24,Barun Hydropower Co. Ltd.,275,269,268,272,940
2015-12-27,Barun Hydropower Co. Ltd.,275,272,250,265,1450
2015-12-28,Barun Hydropower Co. Ltd.,274,265,258,273,910
2015-12-29,Barun Hydropower Co. Ltd.,280,273,265,273,750
2015-12-31,Barun Hydropower Co. Ltd.,276,273,265,271,2330
2016-01-03,Barun Hydropower Co. Ltd.,271,271,261,267,1230
2016-01-04,Barun Hydropower Co. Ltd.,280,267,266,276,1050
2016-01-05,Barun Hydropower Co. Ltd.,281,276,270,277,1690
2016-01-06,Barun Hydropower Co. Ltd.,285,277,270,280,1580
2016-01-07,Barun Hydropower Co. Ltd.,283,280,270,283,1060
2016-01-10,Barun Hydropower Co. Ltd.,288,283,267,282,1690
2016-01-11,Barun Hydropower Co. Ltd.,282,282,260,273,4310
2016-01-12,Barun Hydropower Co. Ltd.,280,273,258,275,4060
2016-01-13,Barun Hydropower Co. Ltd.,290,275,269,290,4650
2016-01-14,Barun Hydropower Co. Ltd.,306,290,270,280,5130
2016-01-24,Barun Hydropower Co. Ltd.,308,280,285,308,900
2016-01-25,Barun Hydropower Co. Ltd.,338,308,314,330,3950
2016-01-26,Barun Hydropower Co. Ltd.,336,330,324,324,1980
2016-01-27,Barun Hydropower Co. Ltd.,318,324,312,312,500
2016-01-28,Barun Hydropower Co. Ltd.,320,312,312,320,665
2016-02-01,Barun Hydropower Co. Ltd.,320,320,314,314,70
2016-02-04,Barun Hydropower Co. Ltd.,316,314,316,316,10
2016-02-07,Barun Hydropower Co. Ltd.,315,316,315,315,80
2016-02-08,Barun Hydropower Co. Ltd.,336,315,320,336,1655
2016-02-11,Barun Hydropower Co. Ltd.,352,336,335,352,440
2016-02-14,Barun Hydropower Co. Ltd.,345,352,345,345,10
2016-02-15,Barun Hydropower Co. Ltd.,345,345,339,345,160
2016-02-16,Barun Hydropower Co. Ltd.,340,345,339,340,80
2016-02-18,Barun Hydropower Co. Ltd.,359,340,345,347,510
2016-05-22,Barun Hydropower Co. Ltd.,403,395,392,403,860
2016-05-23,Barun Hydropower Co. Ltd.,406,403,400,400,410
2016-05-25,Barun Hydropower Co. Ltd.,405,401,372,372,280
2016-05-26,Barun Hydropower Co. Ltd.,390,372,366,390,130
2016-05-29,Barun Hydropower Co. Ltd.,400,390,395,399,220
2016-05-30,Barun Hydropower Co. Ltd.,400,399,391,400,360
2016-06-01,Barun Hydropower Co. Ltd.,456,440,412,412,2960
2016-06-06,Barun Hydropower Co. Ltd.,400,395,391,400,280
2016-06-12,Barun Hydropower Co. Ltd.,395,394,390,393,510
2016-06-13,Barun Hydropower Co. Ltd.,412,393,391,412,220
2016-02-21,Barun Hydropower Co. Ltd.,347,347,347,347,70
2016-02-22,Barun Hydropower Co. Ltd.,350,347,346,350,160
2016-02-23,Barun Hydropower Co. Ltd.,345,350,345,345,20
2016-02-24,Barun Hydropower Co. Ltd.,345,345,345,345,10
2016-02-25,Barun Hydropower Co. Ltd.,345,345,345,345,30
2016-02-28,Barun Hydropower Co. Ltd.,345,345,345,345,100
2016-02-29,Barun Hydropower Co. Ltd.,351,345,346,351,20
2016-03-01,Barun Hydropower Co. Ltd.,352,351,351,352,1120
2016-03-03,Barun Hydropower Co. Ltd.,350,352,350,350,300
2016-03-06,Barun Hydropower Co. Ltd.,361,350,352,361,90
2016-03-10,Barun Hydropower Co. Ltd.,354,361,353,353,300
2016-03-13,Barun Hydropower Co. Ltd.,374,353,360,374,580
2016-03-15,Barun Hydropower Co. Ltd.,411,374,381,411,500
2016-03-16,Barun Hydropower Co. Ltd.,452,411,411,452,120
2016-03-17,Barun Hydropower Co. Ltd.,484,452,452,484,650
2016-03-21,Barun Hydropower Co. Ltd.,532,484,493,532,1480
2016-03-23,Barun Hydropower Co. Ltd.,532,532,522,522,320
2016-03-28,Barun Hydropower Co. Ltd.,512,522,512,512,10
2016-04-03,Barun Hydropower Co. Ltd.,502,512,502,502,50
2016-04-04,Barun Hydropower Co. Ltd.,492,502,492,492,50
2016-04-18,Barun Hydropower Co. Ltd.,483,492,447,447,50
2016-04-19,Barun Hydropower Co. Ltd.,439,447,403,418,3790
2016-04-20,Barun Hydropower Co. Ltd.,410,418,400,401,510
2016-04-21,Barun Hydropower Co. Ltd.,402,401,395,395,670
2016-04-24,Barun Hydropower Co. Ltd.,395,395,388,395,30
2016-04-25,Barun Hydropower Co. Ltd.,414,395,400,414,330
2016-04-26,Barun Hydropower Co. Ltd.,422,414,415,420,790
2016-04-27,Barun Hydropower Co. Ltd.,421,420,420,421,160
2016-04-28,Barun Hydropower Co. Ltd.,429,421,417,417,130
2016-05-03,Barun Hydropower Co. Ltd.,409,417,404,404,20
2016-05-04,Barun Hydropower Co. Ltd.,400,404,385,390,240
2016-05-05,Barun Hydropower Co. Ltd.,395,390,385,395,840
2016-05-08,Barun Hydropower Co. Ltd.,391,395,385,391,380
2016-05-09,Barun Hydropower Co. Ltd.,388,391,380,388,500
2016-05-10,Barun Hydropower Co. Ltd.,400,388,381,392,1390
2016-05-11,Barun Hydropower Co. Ltd.,395,392,378,392,950
2016-05-12,Barun Hydropower Co. Ltd.,399,392,385,395,50
2016-05-15,Barun Hydropower Co. Ltd.,400,395,385,400,360
2016-05-16,Barun Hydropower Co. Ltd.,399,400,392,393,840
2016-05-17,Barun Hydropower Co. Ltd.,399,393,385,395,1440
2016-05-18,Barun Hydropower Co. Ltd.,410,395,397,398,350
2016-05-19,Barun Hydropower Co. Ltd.,400,398,386,395,750
2016-05-24,Barun Hydropower Co. Ltd.,405,400,399,401,250
2016-05-31,Barun Hydropower Co. Ltd.,440,400,400,440,6320
2016-06-02,Barun Hydropower Co. Ltd.,425,412,403,410,510
2016-06-05,Barun Hydropower Co. Ltd.,402,410,394,395,1300
2016-06-07,Barun Hydropower Co. Ltd.,408,400,400,404,300
2016-06-08,Barun Hydropower Co. Ltd.,416,404,395,400,380
2016-06-09,Barun Hydropower Co. Ltd.,405,400,394,394,120
2016-06-14,Barun Hydropower Co. Ltd.,441,412,412,425,8270
2016-06-15,Barun Hydropower Co. Ltd.,467,425,430,467,3290
2016-06-16,Barun Hydropower Co. Ltd.,513,467,476,513,2780
2016-06-20,Barun Hydropower Co. Ltd.,510,505,498,505,4950
2016-06-19,Barun Hydropower Co. Ltd.,523,513,504,505,8350
2016-06-23,Barun Hydropower Co. Ltd.,530,510,506,522,2720
2016-06-21,Barun Hydropower Co. Ltd.,515,505,500,515,3220
2016-06-22,Barun Hydropower Co. Ltd.,515,515,500,510,3240
2016-06-27,Barun Hydropower Co. Ltd.,540,535,520,520,770
2016-06-29,Barun Hydropower Co. Ltd.,520,521,511,512,800
2016-06-26,Barun Hydropower Co. Ltd.,570,522,520,535,3300
2016-06-30,Barun Hydropower Co. Ltd.,522,512,500,510,1120
2016-07-04,Barun Hydropower Co. Ltd.,526,503,504,526,2620
2016-07-10,Barun Hydropower Co. Ltd.,530,525,520,520,510
2016-07-25,Barun Hydropower Co. Ltd.,495,496,487,491,290
2016-07-26,Barun Hydropower Co. Ltd.,540,491,495,530,3535
2016-07-27,Barun Hydropower Co. Ltd.,535,530,510,535,380
2016-07-31,Barun Hydropower Co. Ltd.,530,540,520,520,310
2016-08-03,Barun Hydropower Co. Ltd.,510,510,500,506,800
2016-08-04,Barun Hydropower Co. Ltd.,506,506,488,488,60
2016-08-07,Barun Hydropower Co. Ltd.,530,488,488,530,160
2016-08-15,Barun Hydropower Co. Ltd.,466,475,450,465,490
2016-08-17,Barun Hydropower Co. Ltd.,455,444,436,455,250
2016-08-22,Barun Hydropower Co. Ltd.,469,452,443,443,2380
2016-08-28,Barun Hydropower Co. Ltd.,440,445,440,440,330
2016-08-30,Barun Hydropower Co. Ltd.,446,427,430,440,210
2016-09-01,Barun Hydropower Co. Ltd.,406,403,396,406,580
2016-09-04,Barun Hydropower Co. Ltd.,410,406,399,410,190
2016-09-06,Barun Hydropower Co. Ltd.,412,410,403,405,640
2016-09-07,Barun Hydropower Co. Ltd.,413,405,404,410,230
2016-09-12,Barun Hydropower Co. Ltd.,412,415,407,412,80
2016-09-14,Barun Hydropower Co. Ltd.,428,412,412,420,760
2016-09-18,Barun Hydropower Co. Ltd.,433,420,415,430,1360
2016-09-20,Barun Hydropower Co. Ltd.,435,430,430,435,730
2016-09-21,Barun Hydropower Co. Ltd.,435,435,430,430,120
2016-09-22,Barun Hydropower Co. Ltd.,431,430,422,430,499
2016-09-25,Barun Hydropower Co. Ltd.,425,430,420,420,40
2016-09-29,Barun Hydropower Co. Ltd.,400,403,392,397,540
2016-10-03,Barun Hydropower Co. Ltd.,398,394,395,398,40
2016-10-04,Barun Hydropower Co. Ltd.,398,398,395,398,90
2016-10-05,Barun Hydropower Co. Ltd.,395,398,395,395,40
2016-10-06,Barun Hydropower Co. Ltd.,402,395,394,402,70
2016-10-16,Barun Hydropower Co. Ltd.,402,402,400,400,70
2016-10-18,Barun Hydropower Co. Ltd.,392,400,392,392,10
2016-10-20,Barun Hydropower Co. Ltd.,399,392,390,399,310
2016-10-23,Barun Hydropower Co. Ltd.,400,399,398,398,50
2016-10-25,Barun Hydropower Co. Ltd.,398,398,391,391,120
2016-10-26,Barun Hydropower Co. Ltd.,395,391,388,388,50
2016-11-14,Barun Hydropower Co. Ltd.,375,378,374,375,100
2016-11-24,Barun Hydropower Co. Ltd.,335,341,335,335,20
2016-11-27,Barun Hydropower Co. Ltd.,329,335,317,317,180
2016-11-29,Barun Hydropower Co. Ltd.,310,301,300,306,1240
2016-11-30,Barun Hydropower Co. Ltd.,320,306,312,320,50
2016-12-04,Barun Hydropower Co. Ltd.,315,314,308,308,140
2016-12-05,Barun Hydropower Co. Ltd.,314,308,307,314,290
2016-12-07,Barun Hydropower Co. Ltd.,304,297,302,304,30
2016-12-08,Barun Hydropower Co. Ltd.,304,304,285,294,310
2016-12-11,Barun Hydropower Co. Ltd.,292,294,282,282,100
2016-12-14,Barun Hydropower Co. Ltd.,272,267,267,267,170
2016-12-19,Barun Hydropower Co. Ltd.,280,275,275,280,390
2016-12-20,Barun Hydropower Co. Ltd.,280,280,275,280,100
2016-12-21,Barun Hydropower Co. Ltd.,275,280,265,270,120
2016-12-26,Barun Hydropower Co. Ltd.,280,277,275,275,60
2016-12-28,Barun Hydropower Co. Ltd.,275,275,270,270,70
2017-01-01,Barun Hydropower Co. Ltd.,290,275,280,290,40
2017-01-01,Barun Hydropower Co. Ltd.,290,275,280,290,40
2017-01-04,Barun Hydropower Co. Ltd.,286,286,266,266,70
2017-01-05,Barun Hydropower Co. Ltd.,272,266,267,271,120
2017-01-08,Barun Hydropower Co. Ltd.,267,271,266,267,40
2017-01-15,Barun Hydropower Co. Ltd.,285,285,285,285,10
2017-01-22,Barun Hydropower Co. Ltd.,268,268,265,265,100
2017-01-23,Barun Hydropower Co. Ltd.,265,265,263,265,40
2017-01-24,Barun Hydropower Co. Ltd.,274,265,265,274,170
2017-02-02,Barun Hydropower Co. Ltd.,270,266,265,269,70
2016-06-28,Barun Hydropower Co. Ltd.,525,520,515,521,1440
2016-07-03,Barun Hydropower Co. Ltd.,510,510,490,503,3930
2016-07-05,Barun Hydropower Co. Ltd.,530,526,506,521,1050
2016-07-06,Barun Hydropower Co. Ltd.,525,521,515,525,1410
2016-07-11,Barun Hydropower Co. Ltd.,520,520,510,520,390
2016-07-12,Barun Hydropower Co. Ltd.,520,520,490,520,170
2016-07-13,Barun Hydropower Co. Ltd.,510,520,490,495,880
2016-07-14,Barun Hydropower Co. Ltd.,510,495,495,495,635
2016-07-17,Barun Hydropower Co. Ltd.,504,495,486,500,190
2016-07-18,Barun Hydropower Co. Ltd.,499,500,481,499,60
2016-07-19,Barun Hydropower Co. Ltd.,500,499,490,500,310
2016-07-20,Barun Hydropower Co. Ltd.,500,500,490,492,180
2016-07-21,Barun Hydropower Co. Ltd.,508,492,495,496,180
2016-07-28,Barun Hydropower Co. Ltd.,540,535,520,540,450
2016-08-01,Barun Hydropower Co. Ltd.,510,520,500,500,160
2016-08-02,Barun Hydropower Co. Ltd.,510,500,480,510,450
2016-08-08,Barun Hydropower Co. Ltd.,520,530,510,510,130
2016-08-10,Barun Hydropower Co. Ltd.,520,510,500,500,1031
2016-08-11,Barun Hydropower Co. Ltd.,493,500,480,485,2410
2016-08-14,Barun Hydropower Co. Ltd.,489,485,472,475,480
2016-08-16,Barun Hydropower Co. Ltd.,456,465,444,444,1020
2016-08-21,Barun Hydropower Co. Ltd.,455,455,450,452,60
2016-08-23,Barun Hydropower Co. Ltd.,445,443,440,441,440
2016-08-24,Barun Hydropower Co. Ltd.,445,441,437,445,335
2016-08-29,Barun Hydropower Co. Ltd.,447,440,427,427,110
2016-08-31,Barun Hydropower Co. Ltd.,432,440,403,403,960
2016-09-05,Barun Hydropower Co. Ltd.,412,410,402,410,160
2016-09-08,Barun Hydropower Co. Ltd.,420,410,406,412,250
2016-09-11,Barun Hydropower Co. Ltd.,420,412,406,415,140
2016-09-26,Barun Hydropower Co. Ltd.,425,420,417,417,100
2016-09-27,Barun Hydropower Co. Ltd.,415,417,410,410,80
2016-09-28,Barun Hydropower Co. Ltd.,405,410,403,403,140
2016-10-02,Barun Hydropower Co. Ltd.,395,397,394,394,80
2016-10-19,Barun Hydropower Co. Ltd.,392,392,385,392,20
2016-10-27,Barun Hydropower Co. Ltd.,392,388,382,385,100
2016-11-03,Barun Hydropower Co. Ltd.,385,385,384,385,310
2016-11-08,Barun Hydropower Co. Ltd.,390,385,385,385,120
2016-11-09,Barun Hydropower Co. Ltd.,380,385,380,380,100
2016-11-13,Barun Hydropower Co. Ltd.,378,380,378,378,10
2016-11-15,Barun Hydropower Co. Ltd.,382,375,360,365,410
2016-11-16,Barun Hydropower Co. Ltd.,365,365,360,360,290
2016-11-17,Barun Hydropower Co. Ltd.,363,360,348,348,440
2016-11-21,Barun Hydropower Co. Ltd.,354,348,354,354,20
2016-11-22,Barun Hydropower Co. Ltd.,348,354,341,341,170
2016-11-28,Barun Hydropower Co. Ltd.,315,317,301,301,140
2016-12-01,Barun Hydropower Co. Ltd.,315,320,314,314,90
2016-12-06,Barun Hydropower Co. Ltd.,308,314,297,297,230
2016-12-12,Barun Hydropower Co. Ltd.,282,282,267,267,500
2016-12-15,Barun Hydropower Co. Ltd.,270,267,267,270,40
2016-12-18,Barun Hydropower Co. Ltd.,275,270,275,275,40
2016-12-22,Barun Hydropower Co. Ltd.,277,270,270,277,100
2016-12-27,Barun Hydropower Co. Ltd.,275,275,265,275,310
2016-12-29,Barun Hydropower Co. Ltd.,275,270,272,275,70
2017-01-03,Barun Hydropower Co. Ltd.,286,290,281,286,160
2017-01-09,Barun Hydropower Co. Ltd.,272,267,266,272,90
2017-01-10,Barun Hydropower Co. Ltd.,277,272,272,277,120
2017-01-11,Barun Hydropower Co. Ltd.,277,277,275,276,40
2017-01-12,Barun Hydropower Co. Ltd.,285,276,280,285,110
2017-01-16,Barun Hydropower Co. Ltd.,285,285,275,275,2020
2017-01-17,Barun Hydropower Co. Ltd.,275,275,270,275,30
2017-01-18,Barun Hydropower Co. Ltd.,275,275,275,275,220
2017-01-19,Barun Hydropower Co. Ltd.,272,275,268,268,40
2017-01-25,Barun Hydropower Co. Ltd.,269,274,250,250,100
2017-01-26,Barun Hydropower Co. Ltd.,253,250,240,248,460
2017-01-31,Barun Hydropower Co. Ltd.,252,248,247,251,540
2017-02-01,Barun Hydropower Co. Ltd.,266,251,256,266,330
2017-02-05,Barun Hydropower Co. Ltd.,266,269,265,265,120
2017-02-08,Barun Hydropower Co. Ltd.,264,260,257,257,60
2017-02-09,Barun Hydropower Co. Ltd.,257,257,254,254,30
2017-02-07,Barun Hydropower Co. Ltd.,265,265,260,260,50
2017-02-13,Barun Hydropower Co. Ltd.,241,241,230,230,110
2017-02-14,Barun Hydropower Co. Ltd.,234,230,220,220,660
2017-02-06,Barun Hydropower Co. Ltd.,266,265,260,265,130
2017-02-12,Barun Hydropower Co. Ltd.,249,254,241,241,150
2017-02-20,Barun Hydropower Co. Ltd.,249,241,245,249,40
2017-02-19,Barun Hydropower Co. Ltd.,245,240,240,241,190
2017-02-15,Barun Hydropower Co. Ltd.,236,220,224,236,170
2017-02-16,Barun Hydropower Co. Ltd.,244,236,240,240,50
2017-02-22,Barun Hydropower Co. Ltd.,253,250,245,253,100
2017-02-26,Barun Hydropower Co. Ltd.,250,250,237,241,600
2017-02-21,Barun Hydropower Co. Ltd.,253,249,250,250,200
2017-02-23,Barun Hydropower Co. Ltd.,258,253,249,250,470
2017-03-01,Barun Hydropower Co. Ltd.,234,233,230,230,40
2017-02-28,Barun Hydropower Co. Ltd.,237,241,233,233,30
2017-03-06,Barun Hydropower Co. Ltd.,226,226,226,226,20
2017-03-02,Barun Hydropower Co. Ltd.,230,230,230,230,50
2017-03-05,Barun Hydropower Co. Ltd.,230,230,226,226,30
2017-03-07,Barun Hydropower Co. Ltd.,226,226,222,226,440
2017-03-09,Barun Hydropower Co. Ltd.,226,226,223,224,50
2017-03-13,Barun Hydropower Co. Ltd.,225,224,223,223,150
2017-03-16,Barun Hydropower Co. Ltd.,228,224,228,228,30
2017-03-14,Barun Hydropower Co. Ltd.,223,223,220,220,350
2017-03-15,Barun Hydropower Co. Ltd.,224,220,224,224,10
2017-03-28,Barun Hydropower Co. Ltd.,304,279,284,300,1030
2017-03-20,Barun Hydropower Co. Ltd.,234,228,232,234,30
2017-03-22,Barun Hydropower Co. Ltd.,238,233,230,238,50
2017-03-23,Barun Hydropower Co. Ltd.,254,238,238,254,490
2017-03-19,Barun Hydropower Co. Ltd.,228,228,227,228,70
2017-03-21,Barun Hydropower Co. Ltd.,236,234,233,233,50
2017-03-26,Barun Hydropower Co. Ltd.,279,254,259,279,170
2017-03-29,Barun Hydropower Co. Ltd.,318,300,306,317,440
2017-03-30,Barun Hydropower Co. Ltd.,319,317,309,313,470
2017-04-09,Barun Hydropower Co. Ltd.,298,298,289,298,150
2017-04-04,Barun Hydropower Co. Ltd.,310,313,298,298,470
2017-04-12,Barun Hydropower Co. Ltd.,311,315,305,306,750
2017-04-10,Barun Hydropower Co. Ltd.,318,298,293,318,350
2017-04-11,Barun Hydropower Co. Ltd.,318,318,308,315,260
2017-04-13,Barun Hydropower Co. Ltd.,300,306,294,294,80
2017-04-18,Barun Hydropower Co. Ltd.,285,290,275,275,70
2017-04-16,Barun Hydropower Co. Ltd.,294,294,289,290,190
2017-04-27,Barun Hydropower Co. Ltd.,285,290,275,280,250
2017-04-20,Barun Hydropower Co. Ltd.,280,275,270,280,90
2017-04-23,Barun Hydropower Co. Ltd.,280,280,280,280,40
2017-04-26,Barun Hydropower Co. Ltd.,295,290,290,290,140
2017-04-19,Barun Hydropower Co. Ltd.,280,275,275,275,140
2017-04-24,Barun Hydropower Co. Ltd.,285,280,280,280,390
2017-04-25,Barun Hydropower Co. Ltd.,290,280,280,290,160
2017-05-02,Barun Hydropower Co. Ltd.,270,275,265,270,220
2017-04-30,Barun Hydropower Co. Ltd.,280,280,265,275,620
2017-05-11,Barun Hydropower Co. Ltd.,295,276,271,295,280
2017-05-04,Barun Hydropower Co. Ltd.,285,275,275,280,400
2017-05-08,Barun Hydropower Co. Ltd.,276,278,275,276,50
2017-05-09,Barun Hydropower Co. Ltd.,276,276,273,276,110
2017-05-03,Barun Hydropower Co. Ltd.,275,270,270,275,140
2017-05-07,Barun Hydropower Co. Ltd.,280,280,275,278,110
2017-05-15,Barun Hydropower Co. Ltd.,301,295,296,297,110
2017-05-16,Barun Hydropower Co. Ltd.,293,297,288,293,140
2017-05-17,Barun Hydropower Co. Ltd.,293,293,282,285,220
2017-05-18,Barun Hydropower Co. Ltd.,298,285,285,294,1911
2017-05-31,Barun Hydropower Co. Ltd.,285,280,275,280,140
2017-05-23,Barun Hydropower Co. Ltd.,314,310,303,308,340
2017-05-24,Barun Hydropower Co. Ltd.,302,308,290,290,240
2017-05-21,Barun Hydropower Co. Ltd.,310,294,291,310,590
2017-05-22,Barun Hydropower Co. Ltd.,310,310,304,310,310
2017-05-28,Barun Hydropower Co. Ltd.,290,290,280,285,220
2017-05-30,Barun Hydropower Co. Ltd.,280,285,265,280,720
2017-06-01,Barun Hydropower Co. Ltd.,280,280,280,280,20
2017-06-05,Barun Hydropower Co. Ltd.,280,276,271,276,80
2017-06-04,Barun Hydropower Co. Ltd.,278,280,273,276,90
2017-06-08,Barun Hydropower Co. Ltd.,291,296,286,290,220
2017-06-06,Barun Hydropower Co. Ltd.,285,276,277,285,260
2017-06-07,Barun Hydropower Co. Ltd.,296,285,280,296,180
2017-06-11,Barun Hydropower Co. Ltd.,295,290,285,295,340
2017-06-12,Barun Hydropower Co. Ltd.,290,295,285,285,80
2017-06-19,Barun Hydropower Co. Ltd.,270,274,265,270,70
2017-06-13,Barun Hydropower Co. Ltd.,280,285,271,275,900
2017-06-14,Barun Hydropower Co. Ltd.,275,275,270,272,1260
2017-06-18,Barun Hydropower Co. Ltd.,274,279,274,274,90
2017-06-15,Barun Hydropower Co. Ltd.,279,272,267,279,450
2017-06-20,Barun Hydropower Co. Ltd.,270,270,265,270,110
2017-06-21,Barun Hydropower Co. Ltd.,271,270,265,271,100
2017-06-22,Barun Hydropower Co. Ltd.,273,271,266,273,930
2017-06-28,Barun Hydropower Co. Ltd.,261,261,260,261,150
2017-06-25,Barun Hydropower Co. Ltd.,268,273,263,263,140
2017-06-27,Barun Hydropower Co. Ltd.,265,263,260,261,280
2017-07-02,Barun Hydropower Co. Ltd.,265,261,261,265,60
2017-07-03,Barun Hydropower Co. Ltd.,265,265,260,262,140
2017-07-05,Barun Hydropower Co. Ltd.,255,260,255,255,60
2017-07-09,Barun Hydropower Co. Ltd.,270,265,260,260,180
2017-07-04,Barun Hydropower Co. Ltd.,260,262,257,260,100
2017-07-06,Barun Hydropower Co. Ltd.,265,255,253,265,80
2017-07-23,Barun Hydropower Co. Ltd.,254,256,248,251,370
2017-07-11,Barun Hydropower Co. Ltd.,262,260,255,255,90
2017-07-12,Barun Hydropower Co. Ltd.,256,255,251,252,190
2017-07-13,Barun Hydropower Co. Ltd.,253,252,248,253,140
2017-07-16,Barun Hydropower Co. Ltd.,252,253,248,252,130
2017-07-20,Barun Hydropower Co. Ltd.,260,260,250,256,19992
2017-07-10,Barun Hydropower Co. Ltd.,261,260,260,260,100
2017-07-17,Barun Hydropower Co. Ltd.,255,252,250,251,270
2017-07-18,Barun Hydropower Co. Ltd.,260,251,255,260,120
2017-07-19,Barun Hydropower Co. Ltd.,260,260,250,260,480
2017-07-24,Barun Hydropower Co. Ltd.,250,251,246,250,250
2017-07-25,Barun Hydropower Co. Ltd.,270,250,248,270,1317
2017-07-26,Barun Hydropower Co. Ltd.,275,270,263,263,280
2017-07-30,Barun Hydropower Co. Ltd.,260,265,260,260,10
2017-07-27,Barun Hydropower Co. Ltd.,265,263,258,265,50
2017-08-01,Barun Hydropower Co. Ltd.,260,250,246,255,602
2017-08-02,Barun Hydropower Co. Ltd.,270,255,250,270,2727
2017-08-06,Barun Hydropower Co. Ltd.,265,270,265,265,100
2017-07-31,Barun Hydropower Co. Ltd.,260,260,249,250,1812
2017-08-09,Barun Hydropower Co. Ltd.,250,250,241,249,2240
2017-08-07,Barun Hydropower Co. Ltd.,260,265,245,250,1410
2017-08-10,Barun Hydropower Co. Ltd.,247,249,241,247,1076
2017-08-17,Barun Hydropower Co. Ltd.,245,245,241,241,397
2017-08-15,Barun Hydropower Co. Ltd.,240,243,239,240,40
2017-08-16,Barun Hydropower Co. Ltd.,249,240,240,245,210
2017-08-13,Barun Hydropower Co. Ltd.,243,247,239,243,521
2017-08-20,Barun Hydropower Co. Ltd.,240,241,239,240,548
2017-08-24,Barun Hydropower Co. Ltd.,242,245,242,242,20
2017-08-23,Barun Hydropower Co. Ltd.,250,246,240,245,1306
2017-08-21,Barun Hydropower Co. Ltd.,240,240,236,240,60
2017-08-22,Barun Hydropower Co. Ltd.,246,240,238,246,572
2017-08-27,Barun Hydropower Co. Ltd.,240,242,237,239,270
2017-09-06,Barun Hydropower Co. Ltd.,226,226,218,226,868
2017-08-28,Barun Hydropower Co. Ltd.,248,239,231,245,920
2017-08-30,Barun Hydropower Co. Ltd.,245,245,238,238,770
2017-08-31,Barun Hydropower Co. Ltd.,238,238,234,236,180
2017-09-04,Barun Hydropower Co. Ltd.,232,236,224,226,90
2017-09-10,Barun Hydropower Co. Ltd.,222,216,214,214,467
2017-09-07,Barun Hydropower Co. Ltd.,225,226,216,216,480
2017-09-14,Barun Hydropower Co. Ltd.,217,218,210,213,2536
2017-09-11,Barun Hydropower Co. Ltd.,215,214,214,215,20
2017-09-12,Barun Hydropower Co. Ltd.,214,215,210,210,180
2017-09-13,Barun Hydropower Co. Ltd.,218,210,212,218,350
2017-09-17,Barun Hydropower Co. Ltd.,210,213,204,206,324
2017-09-18,Barun Hydropower Co. Ltd.,206,206,196,197,1066
2017-09-24,Barun Hydropower Co. Ltd.,223,203,207,223,60
2017-09-20,Barun Hydropower Co. Ltd.,203,197,194,203,1050
2017-09-26,Barun Hydropower Co. Ltd.,233,214,217,222,1633
2017-09-25,Barun Hydropower Co. Ltd.,245,223,214,214,6728
2017-10-03,Barun Hydropower Co. Ltd.,222,222,218,219,1335
2017-10-04,Barun Hydropower Co. Ltd.,217,209,210,213,40
2017-10-08,Barun Hydropower Co. Ltd.,214,213,210,214,58
2017-10-15,Barun Hydropower Co. Ltd.,199,203,199,199,20
2017-10-10,Barun Hydropower Co. Ltd.,210,214,206,210,40
2017-10-11,Barun Hydropower Co. Ltd.,206,210,202,203,40
2017-10-16,Barun Hydropower Co. Ltd.,204,199,197,200,70
2017-10-17,Barun Hydropower Co. Ltd.,199,200,196,199,80
2017-10-18,Barun Hydropower Co. Ltd.,213,199,198,209,187
2017-10-25,Barun Hydropower Co. Ltd.,230,232,218,218,2292
2017-10-22,Barun Hydropower Co. Ltd.,222,209,213,220,1065
2017-10-23,Barun Hydropower Co. Ltd.,220,220,220,220,184
2017-10-24,Barun Hydropower Co. Ltd.,232,220,217,232,495
2017-10-29,Barun Hydropower Co. Ltd.,214,218,210,210,50
2017-11-01,Barun Hydropower Co. Ltd.,207,207,203,207,110
2017-10-30,Barun Hydropower Co. Ltd.,211,210,207,211,1082
2017-10-31,Barun Hydropower Co. Ltd.,211,211,207,207,243
2017-11-05,Barun Hydropower Co. Ltd.,205,206,203,205,874
2017-11-02,Barun Hydropower Co. Ltd.,210,207,205,206,508
2017-11-06,Barun Hydropower Co. Ltd.,208,205,201,208,430
2017-11-16,Barun Hydropower Co. Ltd.,200,203,200,200,10
2017-11-07,Barun Hydropower Co. Ltd.,205,208,204,205,220
2017-11-08,Barun Hydropower Co. Ltd.,203,205,202,203,60
2017-11-14,Barun Hydropower Co. Ltd.,206,204,200,202,220
2017-11-15,Barun Hydropower Co. Ltd.,206,202,202,203,50
2017-11-19,Barun Hydropower Co. Ltd.,202,200,196,201,1567
2017-11-09,Barun Hydropower Co. Ltd.,202,203,197,197,150
2017-11-12,Barun Hydropower Co. Ltd.,205,197,200,204,274
2017-11-13,Barun Hydropower Co. Ltd.,205,204,204,204,70
2017-11-20,Barun Hydropower Co. Ltd.,197,201,192,195,60
2017-11-21,Barun Hydropower Co. Ltd.,202,195,195,202,438
2017-11-22,Barun Hydropower Co. Ltd.,204,202,198,204,100
2017-11-26,Barun Hydropower Co. Ltd.,198,198,195,197,90
2017-11-23,Barun Hydropower Co. Ltd.,201,204,196,198,358
2017-12-04,Barun Hydropower Co. Ltd.,204,208,199,200,398
2017-11-27,Barun Hydropower Co. Ltd.,200,197,195,200,240
2017-11-29,Barun Hydropower Co. Ltd.,205,201,202,204,298
2017-11-30,Barun Hydropower Co. Ltd.,208,204,200,208,398
2017-11-28,Barun Hydropower Co. Ltd.,204,200,197,201,328
2017-12-12,Barun Hydropower Co. Ltd.,205,209,201,202,130
2017-12-06,Barun Hydropower Co. Ltd.,204,201,200,201,190
2017-12-11,Barun Hydropower Co. Ltd.,213,202,203,209,710
2017-12-05,Barun Hydropower Co. Ltd.,201,200,198,201,80
2017-12-10,Barun Hydropower Co. Ltd.,208,201,201,202,1407
2017-12-14,Barun Hydropower Co. Ltd.,201,205,201,201,10
2017-12-13,Barun Hydropower Co. Ltd.,209,202,197,205,1132
2017-12-17,Barun Hydropower Co. Ltd.,206,201,202,202,250
2017-12-20,Barun Hydropower Co. Ltd.,204,200,200,201,100
2017-12-21,Barun Hydropower Co. Ltd.,200,201,197,197,170
2017-12-27,Barun Hydropower Co. Ltd.,201,202,198,199,240
2017-12-18,Barun Hydropower Co. Ltd.,205,202,201,202,100
2017-12-19,Barun Hydropower Co. Ltd.,208,202,200,200,280
2017-12-24,Barun Hydropower Co. Ltd.,208,197,200,206,80
2017-12-26,Barun Hydropower Co. Ltd.,209,206,202,202,70
2017-12-28,Barun Hydropower Co. Ltd.,201,199,199,199,1088
2017-12-31,Barun Hydropower Co. Ltd.,197,199,186,186,1495
2018-01-02,Barun Hydropower Co. Ltd.,197,194,194,195,120
2018-01-01,Barun Hydropower Co. Ltd.,194,186,189,194,150
2018-01-01,Barun Hydropower Co. Ltd.,194,186,189,194,150
2018-01-04,Barun Hydropower Co. Ltd.,198,198,193,195,729
2018-01-03,Barun Hydropower Co. Ltd.,198,195,192,198,280
2018-01-08,Barun Hydropower Co. Ltd.,197,193,190,194,410
2018-01-07,Barun Hydropower Co. Ltd.,195,195,192,193,80
2018-01-16,Barun Hydropower Co. Ltd.,190,190,187,188,495
2018-01-09,Barun Hydropower Co. Ltd.,195,194,195,195,30
2018-01-10,Barun Hydropower Co. Ltd.,196,195,191,191,50
2018-01-14,Barun Hydropower Co. Ltd.,194,191,188,190,1247
2018-01-17,Barun Hydropower Co. Ltd.,190,188,185,190,200
2018-01-21,Barun Hydropower Co. Ltd.,188,190,185,188,120
2018-01-22,Barun Hydropower Co. Ltd.,188,188,188,188,60
2018-01-28,Barun Hydropower Co. Ltd.,191,188,188,189,90
2018-01-23,Barun Hydropower Co. Ltd.,190,188,187,190,170
2018-01-24,Barun Hydropower Co. Ltd.,190,190,190,190,75
2018-01-25,Barun Hydropower Co. Ltd.,188,190,187,188,130
2018-02-08,Barun Hydropower Co. Ltd.,181,182,181,181,10
2018-01-29,Barun Hydropower Co. Ltd.,186,189,180,185,360
2018-01-31,Barun Hydropower Co. Ltd.,190,185,186,186,120
2018-02-05,Barun Hydropower Co. Ltd.,182,184,181,181,120
2018-02-06,Barun Hydropower Co. Ltd.,181,181,180,181,40
2018-02-07,Barun Hydropower Co. Ltd.,182,181,175,182,130
2018-02-01,Barun Hydropower Co. Ltd.,189,186,183,183,720
2018-02-14,Barun Hydropower Co. Ltd.,187,190,184,187,40
2018-02-04,Barun Hydropower Co. Ltd.,184,183,181,184,20
2018-02-11,Barun Hydropower Co. Ltd.,187,181,184,187,370
2018-02-12,Barun Hydropower Co. Ltd.,192,187,190,190,655
2018-02-18,Barun Hydropower Co. Ltd.,199,196,193,199,90
2018-02-20,Barun Hydropower Co. Ltd.,196,199,193,193,110
2018-02-15,Barun Hydropower Co. Ltd.,196,187,190,196,770
2018-02-27,Barun Hydropower Co. Ltd.,179,179,176,179,80
2018-02-22,Barun Hydropower Co. Ltd.,190,190,187,187,330
2018-02-21,Barun Hydropower Co. Ltd.,190,193,190,190,60
2018-02-25,Barun Hydropower Co. Ltd.,184,187,181,182,70
2018-02-26,Barun Hydropower Co. Ltd.,180,182,179,179,150
2018-03-11,Barun Hydropower Co. Ltd.,179,177,171,171,410
2018-02-28,Barun Hydropower Co. Ltd.,179,179,179,179,50
2018-03-04,Barun Hydropower Co. Ltd.,178,179,176,178,110
2018-03-06,Barun Hydropower Co. Ltd.,175,178,172,172,50
2018-03-07,Barun Hydropower Co. Ltd.,180,172,172,177,1710
2018-03-12,Barun Hydropower Co. Ltd.,170,171,165,165,2483
2018-03-20,Barun Hydropower Co. Ltd.,192,189,186,190,614
2018-03-14,Barun Hydropower Co. Ltd.,177,171,174,177,110
2018-03-15,Barun Hydropower Co. Ltd.,184,177,180,184,530
2018-03-19,Barun Hydropower Co. Ltd.,190,184,184,189,1327
2018-03-21,Barun Hydropower Co. Ltd.,189,190,184,186,832
2018-03-13,Barun Hydropower Co. Ltd.,174,165,162,171,570
2018-03-26,Barun Hydropower Co. Ltd.,188,187,184,187,1214
2018-03-27,Barun Hydropower Co. Ltd.,184,187,181,184,2296
2018-03-28,Barun Hydropower Co. Ltd.,193,184,184,191,1280
2018-03-29,Barun Hydropower Co. Ltd.,197,191,194,194,820
2018-03-22,Barun Hydropower Co. Ltd.,187,186,183,187,274
2018-04-01,Barun Hydropower Co. Ltd.,193,194,188,191,260
2018-04-02,Barun Hydropower Co. Ltd.,194,191,194,194,126
2018-04-10,Barun Hydropower Co. Ltd.,183,184,179,179,70
2018-04-03,Barun Hydropower Co. Ltd.,191,194,182,183,1270
2018-04-08,Barun Hydropower Co. Ltd.,183,182,180,183,419
2018-04-04,Barun Hydropower Co. Ltd.,183,183,182,182,30
2018-04-05,Barun Hydropower Co. Ltd.,185,182,182,182,70
2018-04-09,Barun Hydropower Co. Ltd.,186,183,184,184,110
2018-04-12,Barun Hydropower Co. Ltd.,176,175,171,171,1702
2018-04-11,Barun Hydropower Co. Ltd.,176,179,175,175,20
2018-04-15,Barun Hydropower Co. Ltd.,177,171,174,177,90
2018-04-16,Barun Hydropower Co. Ltd.,178,177,171,178,234
2018-04-18,Barun Hydropower Co. Ltd.,187,178,181,187,80
2018-04-19,Barun Hydropower Co. Ltd.,193,187,184,193,930
2018-04-22,Barun Hydropower Co. Ltd.,196,193,188,196,1330
2018-04-24,Barun Hydropower Co. Ltd.,187,187,184,185,169
2018-04-25,Barun Hydropower Co. Ltd.,185,185,180,181,428
2018-04-23,Barun Hydropower Co. Ltd.,193,196,187,187,380
2018-05-06,Barun Hydropower Co. Ltd.,169,167,157,169,5155
2018-04-26,Barun Hydropower Co. Ltd.,183,181,178,180,888
2018-04-29,Barun Hydropower Co. Ltd.,177,180,166,166,2290
2018-05-02,Barun Hydropower Co. Ltd.,173,166,166,171,128
2018-05-03,Barun Hydropower Co. Ltd.,175,171,166,167,4059
2018-05-07,Barun Hydropower Co. Ltd.,174,169,165,170,5010
2018-05-08,Barun Hydropower Co. Ltd.,173,170,165,169,4974
2018-05-10,Barun Hydropower Co. Ltd.,169,163,164,167,3495
2018-05-09,Barun Hydropower Co. Ltd.,170,169,163,163,1260
2018-05-14,Barun Hydropower Co. Ltd.,167,167,165,165,580
2018-05-15,Barun Hydropower Co. Ltd.,165,165,165,165,20
2018-05-20,Barun Hydropower Co. Ltd.,166,165,163,163,1000
2018-05-17,Barun Hydropower Co. Ltd.,166,164,164,165,67
2018-05-16,Barun Hydropower Co. Ltd.,166,165,162,164,70
2018-05-22,Barun Hydropower Co. Ltd.,161,162,160,160,540
2018-05-21,Barun Hydropower Co. Ltd.,163,163,159,162,1561
2018-05-24,Barun Hydropower Co. Ltd.,163,157,155,163,120
2018-05-23,Barun Hydropower Co. Ltd.,160,160,157,157,150
2018-05-30,Barun Hydropower Co. Ltd.,165,163,165,165,50
2018-05-27,Barun Hydropower Co. Ltd.,163,163,158,158,22954
2018-05-28,Barun Hydropower Co. Ltd.,163,158,156,163,7168
2018-06-03,Barun Hydropower Co. Ltd.,157,160,157,157,10
2018-05-31,Barun Hydropower Co. Ltd.,163,165,158,160,22072
2018-06-06,Barun Hydropower Co. Ltd.,157,157,157,157,100
2018-06-04,Barun Hydropower Co. Ltd.,158,157,157,157,1067
2018-06-19,Barun Hydropower Co. Ltd.,156,153,150,156,122
2018-06-07,Barun Hydropower Co. Ltd.,157,157,154,155,1251
2018-06-10,Barun Hydropower Co. Ltd.,152,155,152,152,120
2018-06-11,Barun Hydropower Co. Ltd.,154,152,149,150,1324
2018-06-12,Barun Hydropower Co. Ltd.,150,150,145,148,210
2018-06-13,Barun Hydropower Co. Ltd.,150,148,148,150,222
2018-06-14,Barun Hydropower Co. Ltd.,157,150,147,149,1760
2018-06-17,Barun Hydropower Co. Ltd.,159,149,151,155,6763
2018-06-20,Barun Hydropower Co. Ltd.,159,156,155,155,4930
2018-06-21,Barun Hydropower Co. Ltd.,155,155,155,155,235
2018-06-24,Barun Hydropower Co. Ltd.,155,155,152,153,1907
2018-06-18,Barun Hydropower Co. Ltd.,153,155,153,153,20
2018-06-25,Barun Hydropower Co. Ltd.,150,153,145,147,910
2018-06-26,Barun Hydropower Co. Ltd.,152,147,145,145,764
2018-06-27,Barun Hydropower Co. Ltd.,148,145,145,148,54
2018-06-28,Barun Hydropower Co. Ltd.,150,148,150,150,50
2018-07-18,Barun Hydropower Co. Ltd.,148,147,145,148,2589
2018-07-01,Barun Hydropower Co. Ltd.,148,150,148,148,30
2018-07-02,Barun Hydropower Co. Ltd.,149,148,146,149,210
2018-07-03,Barun Hydropower Co. Ltd.,149,149,147,147,620
2018-07-08,Barun Hydropower Co. Ltd.,149,148,148,148,90
2018-07-09,Barun Hydropower Co. Ltd.,149,148,146,148,512
2018-07-10,Barun Hydropower Co. Ltd.,159,148,150,159,1142
2018-07-11,Barun Hydropower Co. Ltd.,160,159,151,151,1063
2018-07-12,Barun Hydropower Co. Ltd.,152,151,150,150,411
2018-07-04,Barun Hydropower Co. Ltd.,149,147,148,148,30
2018-07-05,Barun Hydropower Co. Ltd.,153,148,146,148,512
2018-07-15,Barun Hydropower Co. Ltd.,150,150,146,150,60
2018-07-17,Barun Hydropower Co. Ltd.,150,150,147,147,50
2018-08-02,Barun Hydropower Co. Ltd.,142,140,138,138,1143
2018-07-19,Barun Hydropower Co. Ltd.,146,148,144,144,20
2018-07-22,Barun Hydropower Co. Ltd.,142,144,142,142,10
2018-07-23,Barun Hydropower Co. Ltd.,144,142,138,144,2541
2018-07-24,Barun Hydropower Co. Ltd.,145,144,144,144,50
2018-07-25,Barun Hydropower Co. Ltd.,143,144,139,141,1862
2018-07-30,Barun Hydropower Co. Ltd.,141,143,141,141,10
2018-07-31,Barun Hydropower Co. Ltd.,141,141,137,141,152
2018-08-01,Barun Hydropower Co. Ltd.,140,141,139,140,50
2018-08-05,Barun Hydropower Co. Ltd.,138,138,136,137,174
2018-07-26,Barun Hydropower Co. Ltd.,143,141,140,143,161
2018-08-13,Barun Hydropower Co. Ltd.,140,140,138,138,20
2018-08-06,Barun Hydropower Co. Ltd.,136,137,136,136,20
2018-08-08,Barun Hydropower Co. Ltd.,140,140,140,140,47
2018-08-07,Barun Hydropower Co. Ltd.,140,136,134,140,356
2018-08-15,Barun Hydropower Co. Ltd.,139,135,135,137,50
2018-08-14,Barun Hydropower Co. Ltd.,136,138,135,135,32
2018-08-21,Barun Hydropower Co. Ltd.,136,133,133,134,250
2018-08-20,Barun Hydropower Co. Ltd.,135,135,131,133,710
2018-08-16,Barun Hydropower Co. Ltd.,137,137,135,137,40
2018-08-19,Barun Hydropower Co. Ltd.,137,137,135,135,210
2018-08-22,Barun Hydropower Co. Ltd.,133,134,131,131,2600
2018-09-10,Barun Hydropower Co. Ltd.,131,131,126,126,844
2018-08-23,Barun Hydropower Co. Ltd.,131,131,129,131,730
2018-08-26,Barun Hydropower Co. Ltd.,129,131,126,126,1493
2018-09-03,Barun Hydropower Co. Ltd.,137,132,131,134,890
2018-09-04,Barun Hydropower Co. Ltd.,136,134,134,134,450
2018-09-06,Barun Hydropower Co. Ltd.,139,135,135,135,120
2018-08-28,Barun Hydropower Co. Ltd.,130,126,127,130,380
2018-08-29,Barun Hydropower Co. Ltd.,132,130,130,130,510
2018-08-30,Barun Hydropower Co. Ltd.,132,130,130,132,72
2018-09-02,Barun Hydropower Co. Ltd.,132,132,130,132,92
2018-09-05,Barun Hydropower Co. Ltd.,135,134,132,135,530
2018-09-11,Barun Hydropower Co. Ltd.,129,126,125,128,120
2018-09-12,Barun Hydropower Co. Ltd.,130,128,130,130,10
2018-09-09,Barun Hydropower Co. Ltd.,134,135,130,131,1122
2018-09-17,Barun Hydropower Co. Ltd.,127,128,126,126,50
2018-09-16,Barun Hydropower Co. Ltd.,128,130,127,128,900
2018-09-13,Barun Hydropower Co. Ltd.,130,130,130,130,612
2018-09-18,Barun Hydropower Co. Ltd.,128,126,124,128,1809
2018-09-23,Barun Hydropower Co. Ltd.,131,129,123,129,351
2018-09-20,Barun Hydropower Co. Ltd.,129,128,127,129,156
2018-09-25,Barun Hydropower Co. Ltd.,133,129,127,131,1649
2018-09-27,Barun Hydropower Co. Ltd.,134,129,128,128,3870
2018-09-26,Barun Hydropower Co. Ltd.,133,131,129,129,5165
2018-09-30,Barun Hydropower Co. Ltd.,132,128,126,128,1901
2018-10-04,Barun Hydropower Co. Ltd.,125,127,125,125,520
2018-10-02,Barun Hydropower Co. Ltd.,128,127,126,128,380
2018-10-01,Barun Hydropower Co. Ltd.,127,128,127,127,382
2018-10-03,Barun Hydropower Co. Ltd.,128,128,127,127,30
2018-10-11,Barun Hydropower Co. Ltd.,123,120,118,123,1200
2018-10-08,Barun Hydropower Co. Ltd.,127,123,122,122,3315
2018-10-09,Barun Hydropower Co. Ltd.,122,122,118,122,3465
2018-10-07,Barun Hydropower Co. Ltd.,123,125,123,123,21
2018-10-10,Barun Hydropower Co. Ltd.,120,122,120,120,110
2018-10-24,Barun Hydropower Co. Ltd.,125,125,122,125,210
2018-10-15,Barun Hydropower Co. Ltd.,123,125,119,123,218
2018-10-23,Barun Hydropower Co. Ltd.,125,123,124,125,120
2018-10-14,Barun Hydropower Co. Ltd.,125,123,124,125,2027
2018-10-29,Barun Hydropower Co. Ltd.,119,120,117,117,80
2018-10-25,Barun Hydropower Co. Ltd.,123,125,117,117,625
2018-10-28,Barun Hydropower Co. Ltd.,120,117,117,120,50
2018-10-31,Barun Hydropower Co. Ltd.,124,117,116,124,720
2018-10-30,Barun Hydropower Co. Ltd.,118,117,116,117,193
2018-11-05,Barun Hydropower Co. Ltd.,127,123,123,124,578
2018-11-01,Barun Hydropower Co. Ltd.,126,124,125,125,20
2018-11-04,Barun Hydropower Co. Ltd.,124,125,123,123,170
2018-11-06,Barun Hydropower Co. Ltd.,125,124,123,125,10
2018-11-22,Barun Hydropower Co. Ltd.,121,121,119,119,20
2018-11-14,Barun Hydropower Co. Ltd.,125,125,121,121,190
2018-11-28,Barun Hydropower Co. Ltd.,120,118,118,118,90
2018-11-26,Barun Hydropower Co. Ltd.,120,120,118,120,330
2018-11-27,Barun Hydropower Co. Ltd.,120,120,118,118,800
2018-11-25,Barun Hydropower Co. Ltd.,120,119,117,120,320
2018-12-02,Barun Hydropower Co. Ltd.,117,116,108,109,1740
2018-11-29,Barun Hydropower Co. Ltd.,118,118,116,116,30
2018-12-04,Barun Hydropower Co. Ltd.,110,110,108,108,370
2018-12-03,Barun Hydropower Co. Ltd.,111,109,109,110,100
2018-12-09,Barun Hydropower Co. Ltd.,112,106,106,112,337
2018-12-05,Barun Hydropower Co. Ltd.,108,108,106,106,42
2018-12-06,Barun Hydropower Co. Ltd.,106,106,104,106,110
2018-12-19,Barun Hydropower Co. Ltd.,110,110,108,110,190
2018-12-12,Barun Hydropower Co. Ltd.,116,116,114,114,30
2018-12-13,Barun Hydropower Co. Ltd.,114,114,112,113,40
2018-12-16,Barun Hydropower Co. Ltd.,115,113,113,114,50
2018-12-18,Barun Hydropower Co. Ltd.,114,114,110,110,1140
2018-12-10,Barun Hydropower Co. Ltd.,116,112,110,116,11650
2018-12-11,Barun Hydropower Co. Ltd.,118,116,116,116,516
2018-12-17,Barun Hydropower Co. Ltd.,114,114,114,114,200
2018-12-20,Barun Hydropower Co. Ltd.,110,110,108,110,176
2018-12-23,Barun Hydropower Co. Ltd.,110,110,108,108,190
2018-12-26,Barun Hydropower Co. Ltd.,104,104,102,104,60
2018-12-24,Barun Hydropower Co. Ltd.,108,108,106,106,70
2018-12-25,Barun Hydropower Co. Ltd.,106,106,104,104,310
2018-12-27,Barun Hydropower Co. Ltd.,109,104,104,109,153
2019-01-01,Barun Hydropower Co. Ltd.,114,114,112,112,50
2018-12-31,Barun Hydropower Co. Ltd.,114,112,111,114,247
2018-12-30,Barun Hydropower Co. Ltd.,112,109,109,112,730
2019-01-01,Barun Hydropower Co. Ltd.,114,114,112,112,50
2019-01-03,Barun Hydropower Co. Ltd.,110,110,107,107,160
2019-01-02,Barun Hydropower Co. Ltd.,112,112,110,110,500
2019-01-06,Barun Hydropower Co. Ltd.,107,107,105,106,620
2019-01-07,Barun Hydropower Co. Ltd.,106,106,104,104,100
2019-01-09,Barun Hydropower Co. Ltd.,106,105,103,103,1223
2019-01-08,Barun Hydropower Co. Ltd.,105,104,104,105,21
2019-01-10,Barun Hydropower Co. Ltd.,104,103,102,103,80
2019-01-15,Barun Hydropower Co. Ltd.,104,102,100,104,30
2019-01-13,Barun Hydropower Co. Ltd.,104,103,102,104,70
2019-01-14,Barun Hydropower Co. Ltd.,104,104,102,102,1164
2019-01-16,Barun Hydropower Co. Ltd.,106,104,104,106,978
2019-01-21,Barun Hydropower Co. Ltd.,110,108,106,110,950
2019-01-17,Barun Hydropower Co. Ltd.,108,106,106,108,660
2019-01-20,Barun Hydropower Co. Ltd.,108,108,108,108,500
2019-01-23,Barun Hydropower Co. Ltd.,108,108,105,105,725
2019-01-22,Barun Hydropower Co. Ltd.,110,110,107,108,350
2019-01-29,Barun Hydropower Co. Ltd.,104,103,103,103,90
2019-01-24,Barun Hydropower Co. Ltd.,107,105,104,107,60
2019-01-28,Barun Hydropower Co. Ltd.,105,103,103,103,1404
2019-01-27,Barun Hydropower Co. Ltd.,107,107,103,103,879
2019-01-30,Barun Hydropower Co. Ltd.,105,103,101,103,2501
2019-01-31,Barun Hydropower Co. Ltd.,103,103,101,103,40
2019-02-05,Barun Hydropower Co. Ltd.,104,104,100,100,5280
2019-02-03,Barun Hydropower Co. Ltd.,103,103,101,101,1862
2019-02-04,Barun Hydropower Co. Ltd.,104,101,101,104,1122
2019-02-07,Barun Hydropower Co. Ltd.,103,103,100,101,1247
2019-02-06,Barun Hydropower Co. Ltd.,105,100,98,103,363
2019-02-10,Barun Hydropower Co. Ltd.,101,101,100,100,10
2019-02-11,Barun Hydropower Co. Ltd.,100,100,97,97,5350
2019-02-14,Barun Hydropower Co. Ltd.,95,95,94,94,110
2019-02-12,Barun Hydropower Co. Ltd.,97,97,95,96,8190
2019-02-13,Barun Hydropower Co. Ltd.,98,96,95,95,1670
2019-02-17,Barun Hydropower Co. Ltd.,96,94,94,95,698
2019-02-21,Barun Hydropower Co. Ltd.,94,93,92,94,2623
2019-02-18,Barun Hydropower Co. Ltd.,95,95,93,93,140
2019-02-19,Barun Hydropower Co. Ltd.,93,93,92,92,50
2019-02-20,Barun Hydropower Co. Ltd.,93,92,92,93,600
2019-03-03,Barun Hydropower Co. Ltd.,94,93,90,91,350
2019-02-24,Barun Hydropower Co. Ltd.,94,94,92,92,290
2019-02-25,Barun Hydropower Co. Ltd.,92,92,91,92,380
2019-02-26,Barun Hydropower Co. Ltd.,93,92,91,91,290
2019-02-27,Barun Hydropower Co. Ltd.,93,91,91,93,450
2019-03-05,Barun Hydropower Co. Ltd.,94,91,91,94,510
2019-03-06,Barun Hydropower Co. Ltd.,94,94,93,93,70
2019-03-07,Barun Hydropower Co. Ltd.,95,93,91,95,622
2019-03-10,Barun Hydropower Co. Ltd.,96,95,95,96,10
2019-03-14,Barun Hydropower Co. Ltd.,100,98,96,96,1490
2019-03-12,Barun Hydropower Co. Ltd.,97,93,93,94,1810
2019-03-11,Barun Hydropower Co. Ltd.,96,96,93,93,910
2019-03-13,Barun Hydropower Co. Ltd.,102,94,93,98,1910
2019-03-17,Barun Hydropower Co. Ltd.,98,96,96,98,1360
2019-03-28,Barun Hydropower Co. Ltd.,98,98,96,97,1620
2019-03-26,Barun Hydropower Co. Ltd.,98,95,95,97,1242
2019-03-27,Barun Hydropower Co. Ltd.,98,97,98,98,1050
2019-03-18,Barun Hydropower Co. Ltd.,100,98,95,96,4838
2019-03-19,Barun Hydropower Co. Ltd.,97,96,95,95,3607
2019-03-21,Barun Hydropower Co. Ltd.,94,95,93,93,2734
2019-03-24,Barun Hydropower Co. Ltd.,94,93,92,93,5190
2019-03-25,Barun Hydropower Co. Ltd.,95,93,92,95,700
2019-04-04,Barun Hydropower Co. Ltd.,99,98,97,98,130
2019-04-03,Barun Hydropower Co. Ltd.,98,97,96,98,1592
2019-03-31,Barun Hydropower Co. Ltd.,97,97,96,96,820
2019-04-01,Barun Hydropower Co. Ltd.,95,96,94,95,1550
2019-04-02,Barun Hydropower Co. Ltd.,97,95,95,97,660
2019-04-09,Barun Hydropower Co. Ltd.,97,98,95,95,535
2019-04-07,Barun Hydropower Co. Ltd.,98,98,95,95,2710
2019-04-08,Barun Hydropower Co. Ltd.,98,95,95,98,51
2019-04-10,Barun Hydropower Co. Ltd.,95,95,94,94,360
2019-04-11,Barun Hydropower Co. Ltd.,95,94,93,95,241
2019-04-16,Barun Hydropower Co. Ltd.,96,95,95,96,610
2019-04-15,Barun Hydropower Co. Ltd.,95,95,94,95,139
2019-04-17,Barun Hydropower Co. Ltd.,95,96,95,95,280
2019-04-21,Barun Hydropower Co. Ltd.,92,93,92,92,1100
2019-04-18,Barun Hydropower Co. Ltd.,94,95,93,93,740
2019-04-22,Barun Hydropower Co. Ltd.,93,92,92,92,671
2019-04-25,Barun Hydropower Co. Ltd.,91,90,89,90,4741
2019-04-23,Barun Hydropower Co. Ltd.,94,92,91,91,2411
2019-04-24,Barun Hydropower Co. Ltd.,94,91,90,90,1691
2019-04-28,Barun Hydropower Co. Ltd.,93,90,89,93,860
2019-04-29,Barun Hydropower Co. Ltd.,94,93,92,94,370
2019-05-02,Barun Hydropower Co. Ltd.,97,93,92,94,900
2019-04-30,Barun Hydropower Co. Ltd.,96,94,93,93,8940
2019-05-06,Barun Hydropower Co. Ltd.,93,92,93,93,224
2019-05-05,Barun Hydropower Co. Ltd.,93,94,92,92,512
2019-05-07,Barun Hydropower Co. Ltd.,93,93,92,92,2030
2019-05-08,Barun Hydropower Co. Ltd.,93,92,91,92,491
2019-05-09,Barun Hydropower Co. Ltd.,91,92,91,91,718
2019-05-12,Barun Hydropower Co. Ltd.,92,91,90,90,810
2019-05-13,Barun Hydropower Co. Ltd.,94,90,90,94,2604
2019-05-16,Barun Hydropower Co. Ltd.,92,92,91,91,400
2019-05-14,Barun Hydropower Co. Ltd.,95,94,91,93,277
2019-05-15,Barun Hydropower Co. Ltd.,92,93,91,92,1894
2019-05-26,Barun Hydropower Co. Ltd.,99,97,97,98,550
2019-05-19,Barun Hydropower Co. Ltd.,98,91,92,98,101
2019-05-21,Barun Hydropower Co. Ltd.,97,98,95,96,4549
2019-05-22,Barun Hydropower Co. Ltd.,105,96,95,102,9619
2019-05-23,Barun Hydropower Co. Ltd.,106,102,96,97,4790
2019-05-29,Barun Hydropower Co. Ltd.,99,100,98,98,315
2019-05-27,Barun Hydropower Co. Ltd.,100,98,98,100,120
2019-05-28,Barun Hydropower Co. Ltd.,101,100,98,100,650
2019-06-02,Barun Hydropower Co. Ltd.,100,99,96,96,150
2019-05-30,Barun Hydropower Co. Ltd.,99,98,98,99,735
2019-06-11,Barun Hydropower Co. Ltd.,97,96,95,97,200
2019-06-03,Barun Hydropower Co. Ltd.,95,96,94,94,180
2019-06-04,Barun Hydropower Co. Ltd.,97,94,93,96,180
2019-06-10,Barun Hydropower Co. Ltd.,96,97,96,96,10
2019-06-06,Barun Hydropower Co. Ltd.,98,96,97,97,210
2019-06-16,Barun Hydropower Co. Ltd.,95,96,92,92,150
2019-06-13,Barun Hydropower Co. Ltd.,96,97,96,96,75
2019-06-17,Barun Hydropower Co. Ltd.,94,92,91,93,431
2019-06-19,Barun Hydropower Co. Ltd.,92,92,91,92,80
2019-06-18,Barun Hydropower Co. Ltd.,92,93,92,92,70
2019-06-23,Barun Hydropower Co. Ltd.,91,91,90,91,70
2019-06-24,Barun Hydropower Co. Ltd.,92,91,90,92,660
2019-06-20,Barun Hydropower Co. Ltd.,91,92,91,91,10
2019-06-25,Barun Hydropower Co. Ltd.,91,92,91,91,60
2019-06-26,Barun Hydropower Co. Ltd.,91,91,90,91,518
2019-06-27,Barun Hydropower Co. Ltd.,92,91,90,92,560
2019-07-04,Barun Hydropower Co. Ltd.,92,93,91,91,300
2019-06-30,Barun Hydropower Co. Ltd.,91,92,90,90,70
2019-07-01,Barun Hydropower Co. Ltd.,93,90,89,92,760
2019-07-02,Barun Hydropower Co. Ltd.,92,92,92,92,177
2019-07-03,Barun Hydropower Co. Ltd.,93,92,92,93,590
2019-07-07,Barun Hydropower Co. Ltd.,92,91,90,90,2070
2019-07-09,Barun Hydropower Co. Ltd.,90,89,90,90,120
2019-07-08,Barun Hydropower Co. Ltd.,89,90,89,89,870
2019-07-11,Barun Hydropower Co. Ltd.,90,90,90,90,70
2019-07-10,Barun Hydropower Co. Ltd.,91,90,89,90,520
2019-07-15,Barun Hydropower Co. Ltd.,88,89,88,88,20
2019-07-17,Barun Hydropower Co. Ltd.,94,90,92,94,2159
2019-07-14,Barun Hydropower Co. Ltd.,90,90,89,89,1090
2019-07-16,Barun Hydropower Co. Ltd.,90,88,89,90,255
2019-07-23,Barun Hydropower Co. Ltd.,93,94,92,92,506
2019-07-25,Barun Hydropower Co. Ltd.,94,95,91,91,3260
2019-07-24,Barun Hydropower Co. Ltd.,95,92,91,95,810
2019-07-30,Barun Hydropower Co. Ltd.,91,90,90,91,372
2019-07-28,Barun Hydropower Co. Ltd.,91,91,90,91,150
2019-07-29,Barun Hydropower Co. Ltd.,91,91,90,90,70
2019-08-12,Barun Hydropower Co. Ltd.,90,88,87,90,40
2019-08-05,Barun Hydropower Co. Ltd.,89,89,88,88,370
2019-08-06,Barun Hydropower Co. Ltd.,87,88,87,87,1244
2019-07-31,Barun Hydropower Co. Ltd.,90,91,90,90,110
2019-08-01,Barun Hydropower Co. Ltd.,90,90,90,90,201
2019-08-04,Barun Hydropower Co. Ltd.,90,90,89,89,2419
2019-08-07,Barun Hydropower Co. Ltd.,86,87,86,86,50
2019-08-08,Barun Hydropower Co. Ltd.,87,86,86,87,1224
2019-08-11,Barun Hydropower Co. Ltd.,88,87,87,88,192
2019-08-14,Barun Hydropower Co. Ltd.,90,91,89,90,210
2019-08-13,Barun Hydropower Co. Ltd.,91,90,89,91,120
2019-08-15,Barun Hydropower Co. Ltd.,90,90,90,90,20
2019-08-18,Barun Hydropower Co. Ltd.,90,90,90,90,10
2019-08-21,Barun Hydropower Co. Ltd.,87,87,86,86,505
2019-08-19,Barun Hydropower Co. Ltd.,91,90,87,88,720
2019-08-20,Barun Hydropower Co. Ltd.,90,88,87,87,1958
2019-08-22,Barun Hydropower Co. Ltd.,87,86,85,86,365
2019-08-26,Barun Hydropower Co. Ltd.,84,84,83,84,929
2019-08-25,Barun Hydropower Co. Ltd.,86,86,84,84,239
2019-08-29,Barun Hydropower Co. Ltd.,84,84,83,84,70
2019-08-27,Barun Hydropower Co. Ltd.,85,84,84,85,362
2019-08-28,Barun Hydropower Co. Ltd.,84,85,84,84,30
2019-09-03,Barun Hydropower Co. Ltd.,86,83,82,86,90
2019-09-01,Barun Hydropower Co. Ltd.,83,84,83,83,10
2019-09-04,Barun Hydropower Co. Ltd.,86,86,85,86,20
2019-09-05,Barun Hydropower Co. Ltd.,86,86,85,85,70
2019-09-08,Barun Hydropower Co. Ltd.,86,85,84,85,50
2019-09-09,Barun Hydropower Co. Ltd.,89,85,86,88,1350
2019-09-18,Barun Hydropower Co. Ltd.,89,88,88,89,50
2019-09-10,Barun Hydropower Co. Ltd.,91,88,87,90,777
2019-09-10,Barun Hydropower Co. Ltd.,91,88,87,90,777
2019-09-11,Barun Hydropower Co. Ltd.,90,90,88,88,285
2019-09-12,Barun Hydropower Co. Ltd.,89,88,88,89,1417
2019-09-15,Barun Hydropower Co. Ltd.,88,89,86,86,880
2019-09-16,Barun Hydropower Co. Ltd.,86,86,85,85,80
2019-09-17,Barun Hydropower Co. Ltd.,88,85,84,88,283
2019-09-19,Barun Hydropower Co. Ltd.,90,89,89,89,40
2019-09-23,Barun Hydropower Co. Ltd.,88,89,88,88,110
2019-09-29,Barun Hydropower Co. Ltd.,88,89,88,88,10
2019-09-24,Barun Hydropower Co. Ltd.,89,88,88,89,100
2019-10-01,Barun Hydropower Co. Ltd.,89,88,89,89,120
2019-10-14,Barun Hydropower Co. Ltd.,89,89,88,89,110
2019-10-02,Barun Hydropower Co. Ltd.,89,89,88,88,30
2019-10-03,Barun Hydropower Co. Ltd.,89,88,89,89,80
2019-10-21,Barun Hydropower Co. Ltd.,89,87,87,89,80
2019-10-17,Barun Hydropower Co. Ltd.,89,89,88,88,160
2019-10-20,Barun Hydropower Co. Ltd.,87,88,87,87,120
2019-11-03,Barun Hydropower Co. Ltd.,95,91,92,95,190
2019-10-22,Barun Hydropower Co. Ltd.,90,89,88,90,172
2019-10-23,Barun Hydropower Co. Ltd.,89,90,89,89,100
2019-10-24,Barun Hydropower Co. Ltd.,90,89,90,90,110
2019-10-31,Barun Hydropower Co. Ltd.,91,90,90,91,440
2019-12-12,Barun Hydropower Co. Ltd.,80,79,77,79,1097
2019-11-04,Barun Hydropower Co. Ltd.,96,95,95,95,170
2019-11-05,Barun Hydropower Co. Ltd.,96,95,95,95,30
2019-11-14,Barun Hydropower Co. Ltd.,94,95,93,93,20
2019-11-25,Barun Hydropower Co. Ltd.,92,93,91,91,30
2019-11-27,Barun Hydropower Co. Ltd.,89,90,88,88,520
2019-12-04,Barun Hydropower Co. Ltd.,87,88,81,81,812
2019-12-05,Barun Hydropower Co. Ltd.,80,81,77,78,2790
2019-12-08,Barun Hydropower Co. Ltd.,77,78,77,77,10
2019-12-09,Barun Hydropower Co. Ltd.,76,77,76,76,146
2019-12-10,Barun Hydropower Co. Ltd.,78,76,77,77,40
2019-11-26,Barun Hydropower Co. Ltd.,90,91,90,90,10
2019-12-11,Barun Hydropower Co. Ltd.,80,77,78,79,6120
2019-12-29,Barun Hydropower Co. Ltd.,84,81,82,82,2345
2019-12-16,Barun Hydropower Co. Ltd.,78,79,76,78,80
2019-12-24,Barun Hydropower Co. Ltd.,82,81,80,82,1830
2019-12-25,Barun Hydropower Co. Ltd.,83,82,82,82,570
2019-12-17,Barun Hydropower Co. Ltd.,80,78,79,80,50
2019-12-18,Barun Hydropower Co. Ltd.,80,80,79,80,320
2019-12-19,Barun Hydropower Co. Ltd.,80,80,80,80,20
2019-12-22,Barun Hydropower Co. Ltd.,79,80,77,78,80
2019-12-23,Barun Hydropower Co. Ltd.,81,78,77,81,260
2019-12-26,Barun Hydropower Co. Ltd.,82,82,81,81,140
2019-12-30,Barun Hydropower Co. Ltd.,84,82,81,82,3363
2020-01-06,Barun Hydropower Co. Ltd.,87,84,84,86,741
2019-12-31,Barun Hydropower Co. Ltd.,84,82,82,84,121
2020-01-01,Barun Hydropower Co. Ltd.,85,84,85,85,10
2020-01-01,Barun Hydropower Co. Ltd.,85,84,85,85,10
2020-01-02,Barun Hydropower Co. Ltd.,84,85,82,82,310
2020-01-05,Barun Hydropower Co. Ltd.,84,82,81,84,1133
2020-01-21,Barun Hydropower Co. Ltd.,94,94,91,92,1292
2020-01-13,Barun Hydropower Co. Ltd.,95,90,89,95,1589
2020-01-14,Barun Hydropower Co. Ltd.,94,95,88,89,2997
2020-01-15,Barun Hydropower Co. Ltd.,91,89,90,91,60
2020-01-07,Barun Hydropower Co. Ltd.,87,86,85,87,270
2020-01-08,Barun Hydropower Co. Ltd.,88,87,88,88,210
2020-01-12,Barun Hydropower Co. Ltd.,90,88,88,90,475
2020-01-16,Barun Hydropower Co. Ltd.,93,91,91,91,770
2020-01-19,Barun Hydropower Co. Ltd.,95,91,92,95,673
2020-01-20,Barun Hydropower Co. Ltd.,96,95,94,94,2216
2020-01-22,Barun Hydropower Co. Ltd.,92,92,90,91,460
2020-01-26,Barun Hydropower Co. Ltd.,89,88,87,88,150
2020-01-23,Barun Hydropower Co. Ltd.,92,91,88,88,1820
2020-01-30,Barun Hydropower Co. Ltd.,94,92,90,94,511
2020-01-27,Barun Hydropower Co. Ltd.,89,88,87,89,725
2020-01-28,Barun Hydropower Co. Ltd.,93,89,90,92,491
2020-01-29,Barun Hydropower Co. Ltd.,94,92,92,92,1220
2020-02-02,Barun Hydropower Co. Ltd.,95,94,93,93,2825
2020-02-03,Barun Hydropower Co. Ltd.,99,93,92,99,4476
2020-02-04,Barun Hydropower Co. Ltd.,104,99,99,99,12320
2020-03-03,Barun Hydropower Co. Ltd.,98,96,96,97,1283
2020-02-06,Barun Hydropower Co. Ltd.,98,96,95,98,550
2020-02-17,Barun Hydropower Co. Ltd.,102,96,97,100,11912
2020-02-18,Barun Hydropower Co. Ltd.,102,100,97,97,1330
2020-02-19,Barun Hydropower Co. Ltd.,98,97,96,96,1316
2020-02-20,Barun Hydropower Co. Ltd.,99,96,95,99,4014
2020-02-26,Barun Hydropower Co. Ltd.,107,103,101,103,8093
2020-02-27,Barun Hydropower Co. Ltd.,105,103,99,101,8815
2020-02-05,Barun Hydropower Co. Ltd.,100,99,96,96,4243
2020-02-09,Barun Hydropower Co. Ltd.,98,98,96,97,240
2020-02-10,Barun Hydropower Co. Ltd.,97,97,95,96,380
2020-02-11,Barun Hydropower Co. Ltd.,99,96,95,99,469
2020-02-12,Barun Hydropower Co. Ltd.,100,99,95,96,2028
2020-02-13,Barun Hydropower Co. Ltd.,96,96,94,95,758
2020-02-16,Barun Hydropower Co. Ltd.,98,95,94,96,1151
2020-02-23,Barun Hydropower Co. Ltd.,99,99,94,94,7725
2020-02-24,Barun Hydropower Co. Ltd.,98,94,95,96,3870
2020-02-25,Barun Hydropower Co. Ltd.,103,96,95,103,6594
2020-03-01,Barun Hydropower Co. Ltd.,103,101,98,100,1615
2020-03-02,Barun Hydropower Co. Ltd.,102,100,96,96,5670
2020-03-04,Barun Hydropower Co. Ltd.,96,97,95,95,1985
2020-03-17,Barun Hydropower Co. Ltd.,86,87,84,85,1190
2020-03-12,Barun Hydropower Co. Ltd.,93,94,91,92,1813
2020-03-05,Barun Hydropower Co. Ltd.,95,95,92,95,1469
2020-03-10,Barun Hydropower Co. Ltd.,96,95,96,96,10
2020-03-11,Barun Hydropower Co. Ltd.,95,96,93,94,1357
2020-03-15,Barun Hydropower Co. Ltd.,91,92,87,87,7167
2020-03-16,Barun Hydropower Co. Ltd.,87,87,85,87,2055
2020-03-19,Barun Hydropower Co. Ltd.,85,82,81,85,1340
2020-07-07,Barun Hydropower Co. Ltd.,83,82,80,81,83
2020-03-18,Barun Hydropower Co. Ltd.,84,85,82,82,280
2020-07-01,Barun Hydropower Co. Ltd.,84,85,84,84,1000
2020-07-05,Barun Hydropower Co. Ltd.,84,84,82,82,700
2020-07-06,Barun Hydropower Co. Ltd.,82,82,80,82,455
2020-07-15,Barun Hydropower Co. Ltd.,87,85,84,84,321
2020-07-08,Barun Hydropower Co. Ltd.,84,81,80,84,161
2020-07-09,Barun Hydropower Co. Ltd.,85,84,84,85,50
2020-07-12,Barun Hydropower Co. Ltd.,87,85,86,86,110
2020-07-13,Barun Hydropower Co. Ltd.,85,86,85,85,10
2020-08-03,Barun Hydropower Co. Ltd.,86,84,84,86,1164
2020-07-16,Barun Hydropower Co. Ltd.,84,84,83,84,380
2020-07-28,Barun Hydropower Co. Ltd.,80,81,79,80,382
2020-07-29,Barun Hydropower Co. Ltd.,81,80,79,79,2620
2020-07-30,Barun Hydropower Co. Ltd.,85,79,80,84,180
2020-08-02,Barun Hydropower Co. Ltd.,88,84,84,84,2093
2020-07-20,Barun Hydropower Co. Ltd.,85,84,83,83,2080
2020-07-21,Barun Hydropower Co. Ltd.,85,83,83,85,1635
2020-07-22,Barun Hydropower Co. Ltd.,85,85,83,83,460
2020-07-23,Barun Hydropower Co. Ltd.,83,83,82,83,1097
2020-07-26,Barun Hydropower Co. Ltd.,83,83,82,83,820
2020-07-27,Barun Hydropower Co. Ltd.,83,83,80,81,1140
2020-08-16,Barun Hydropower Co. Ltd.,85,85,84,85,656
2020-08-11,Barun Hydropower Co. Ltd.,87,86,85,85,1785
2020-08-13,Barun Hydropower Co. Ltd.,85,82,82,85,1959
2020-08-05,Barun Hydropower Co. Ltd.,87,86,86,87,1000
2020-08-06,Barun Hydropower Co. Ltd.,86,87,85,85,1521
2020-08-09,Barun Hydropower Co. Ltd.,85,85,83,84,376
2020-08-10,Barun Hydropower Co. Ltd.,88,84,85,86,1690
2020-08-12,Barun Hydropower Co. Ltd.,84,85,82,82,1030
2020-08-17,Barun Hydropower Co. Ltd.,85,85,84,84,441
2020-08-20,Barun Hydropower Co. Ltd.,86,86,85,86,210
2020-08-18,Barun Hydropower Co. Ltd.,88,84,84,88,720
2020-08-19,Barun Hydropower Co. Ltd.,87,88,86,86,1140
2020-08-31,Barun Hydropower Co. Ltd.,97,89,88,97,3572
2020-08-24,Barun Hydropower Co. Ltd.,87,87,86,86,330
2020-08-25,Barun Hydropower Co. Ltd.,85,86,85,85,370
2020-08-26,Barun Hydropower Co. Ltd.,87,85,85,85,2020
2020-08-27,Barun Hydropower Co. Ltd.,92,85,86,88,2840
2020-08-23,Barun Hydropower Co. Ltd.,87,86,85,87,389
2020-08-30,Barun Hydropower Co. Ltd.,90,88,87,89,507
2020-09-02,Barun Hydropower Co. Ltd.,106,97,98,106,16135
2020-09-03,Barun Hydropower Co. Ltd.,116,106,104,110,23156
2020-09-13,Barun Hydropower Co. Ltd.,108,103,103,107,13339
2020-09-08,Barun Hydropower Co. Ltd.,107,107,103,105,3862
2020-09-09,Barun Hydropower Co. Ltd.,107,105,105,105,2326
2020-09-06,Barun Hydropower Co. Ltd.,117,110,105,109,76903
2020-09-07,Barun Hydropower Co. Ltd.,109,109,105,107,13760
2020-09-10,Barun Hydropower Co. Ltd.,107,105,103,103,3029
2020-09-15,Barun Hydropower Co. Ltd.,128,117,114,120,42280
2020-09-14,Barun Hydropower Co. Ltd.,117,107,110,117,79367
2020-09-16,Barun Hydropower Co. Ltd.,132,120,115,132,65149
2020-09-20,Barun Hydropower Co. Ltd.,149,145,131,138,41777
2020-09-17,Barun Hydropower Co. Ltd.,145,132,135,145,44231
2020-09-22,Barun Hydropower Co. Ltd.,139,129,129,135,93468
2020-09-21,Barun Hydropower Co. Ltd.,146,138,128,129,42392
2020-09-29,Barun Hydropower Co. Ltd.,169,161,154,163,68247
2020-09-23,Barun Hydropower Co. Ltd.,138,135,130,136,55118
2020-09-24,Barun Hydropower Co. Ltd.,149,136,138,149,145707
2020-09-28,Barun Hydropower Co. Ltd.,171,163,154,161,98523
2020-10-06,Barun Hydropower Co. Ltd.,180,164,166,180,116222
2020-10-04,Barun Hydropower Co. Ltd.,160,157,152,157,29986
2020-10-05,Barun Hydropower Co. Ltd.,169,157,156,164,61947
2020-09-27,Barun Hydropower Co. Ltd.,163,149,151,163,65523
2020-09-30,Barun Hydropower Co. Ltd.,171,163,157,165,65053
2020-10-01,Barun Hydropower Co. Ltd.,170,165,157,157,63615
2020-10-08,Barun Hydropower Co. Ltd.,217,198,196,197,102740
2020-10-07,Barun Hydropower Co. Ltd.,198,180,183,198,51338
2020-10-12,Barun Hydropower Co. Ltd.,204,199,190,194,22934
2020-10-11,Barun Hydropower Co. Ltd.,205,197,186,199,78968
2020-10-14,Barun Hydropower Co. Ltd.,187,186,175,175,42955
2020-10-20,Barun Hydropower Co. Ltd.,198,187,187,192,62118
2020-10-18,Barun Hydropower Co. Ltd.,185,178,171,172,19818
2020-10-13,Barun Hydropower Co. Ltd.,199,194,184,186,35821
2020-10-15,Barun Hydropower Co. Ltd.,185,175,170,178,41855
2020-10-19,Barun Hydropower Co. Ltd.,188,172,175,187,25342
2020-10-22,Barun Hydropower Co. Ltd.,191,190,186,188,14902
2020-10-21,Barun Hydropower Co. Ltd.,194,192,188,190,31307
2020-10-29,Barun Hydropower Co. Ltd.,196,188,185,190,14381
2020-11-03,Barun Hydropower Co. Ltd.,200,194,193,196,13742
2020-10-28,Barun Hydropower Co. Ltd.,191,188,183,188,17271
2020-11-01,Barun Hydropower Co. Ltd.,198,190,190,198,54282
2020-11-04,Barun Hydropower Co. Ltd.,199,196,193,196,10821
2020-11-08,Barun Hydropower Co. Ltd.,217,200,196,216,100954
2020-11-05,Barun Hydropower Co. Ltd.,201,196,195,200,45533
2020-11-09,Barun Hydropower Co. Ltd.,224,216,210,218,86244
2020-11-10,Barun Hydropower Co. Ltd.,224,218,208,219,42708
2020-11-02,Barun Hydropower Co. Ltd.,200,198,194,194,25500
2020-11-23,Barun Hydropower Co. Ltd.,215,207,203,207,16152
2020-11-18,Barun Hydropower Co. Ltd.,213,213,199,208,44084
2020-11-19,Barun Hydropower Co. Ltd.,215,208,201,212,25479
2020-11-11,Barun Hydropower Co. Ltd.,225,219,217,218,21215
2020-11-12,Barun Hydropower Co. Ltd.,225,218,212,213,34296
2020-11-22,Barun Hydropower Co. Ltd.,216,212,204,207,18423
2020-11-26,Barun Hydropower Co. Ltd.,217,207,200,203,49623
2020-11-24,Barun Hydropower Co. Ltd.,213,207,203,210,29679
2020-11-25,Barun Hydropower Co. Ltd.,212,210,204,207,35628
2020-12-01,Barun Hydropower Co. Ltd.,216,213,203,205,17532
2020-11-29,Barun Hydropower Co. Ltd.,204,203,196,201,33176
2020-11-30,Barun Hydropower Co. Ltd.,214,201,196,213,29713
2020-12-02,Barun Hydropower Co. Ltd.,215,205,202,206,18131
2020-12-03,Barun Hydropower Co. Ltd.,216,206,198,202,21920
2020-12-06,Barun Hydropower Co. Ltd.,198,202,187,187,21436
2020-12-07,Barun Hydropower Co. Ltd.,202,187,186,198,23339
2020-12-08,Barun Hydropower Co. Ltd.,205,198,190,194,25876
2020-12-13,Barun Hydropower Co. Ltd.,197,193,190,196,14535
2020-12-09,Barun Hydropower Co. Ltd.,204,194,194,197,22797
2020-12-10,Barun Hydropower Co. Ltd.,198,197,192,193,7739
2020-12-28,Barun Hydropower Co. Ltd.,185,183,179,180,16972
2020-12-14,Barun Hydropower Co. Ltd.,199,196,191,194,10530
2020-12-20,Barun Hydropower Co. Ltd.,205,194,184,185,23530
2020-12-22,Barun Hydropower Co. Ltd.,198,193,187,193,8356
2020-12-24,Barun Hydropower Co. Ltd.,195,188,182,186,7084
2020-12-27,Barun Hydropower Co. Ltd.,188,186,182,183,3801
2020-12-29,Barun Hydropower Co. Ltd.,181,180,176,176,8571
2020-12-21,Barun Hydropower Co. Ltd.,194,185,173,193,15237
2020-12-23,Barun Hydropower Co. Ltd.,196,193,184,188,7721
2020-12-31,Barun Hydropower Co. Ltd.,177,171,169,170,8364
2020-12-30,Barun Hydropower Co. Ltd.,187,176,173,180,10083
2021-01-03,Barun Hydropower Co. Ltd.,173,170,167,170,2821
2021-01-04,Barun Hydropower Co. Ltd.,181,170,169,171,9816
2021-01-05,Barun Hydropower Co. Ltd.,188,171,172,183,18243
2021-01-07,Barun Hydropower Co. Ltd.,189,183,174,184,8760
2021-01-10,Barun Hydropower Co. Ltd.,190,184,182,184,6314
2021-01-06,Barun Hydropower Co. Ltd.,192,183,174,183,27428
2021-01-11,Barun Hydropower Co. Ltd.,186,184,180,183,9225
2021-01-12,Barun Hydropower Co. Ltd.,184,183,180,183,5923
2021-01-13,Barun Hydropower Co. Ltd.,201,183,181,199,55344
2021-01-17,Barun Hydropower Co. Ltd.,218,199,207,217,85192
2021-01-18,Barun Hydropower Co. Ltd.,238,217,227,238,90259
2021-01-24,Barun Hydropower Co. Ltd.,246,232,232,234,27481
2021-01-21,Barun Hydropower Co. Ltd.,241,240,225,232,38834
2021-01-19,Barun Hydropower Co. Ltd.,261,238,227,248,91580
2021-01-20,Barun Hydropower Co. Ltd.,260,248,233,240,59857
2021-01-25,Barun Hydropower Co. Ltd.,242,234,230,235,29189
2021-01-27,Barun Hydropower Co. Ltd.,248,237,232,236,13406
2021-01-26,Barun Hydropower Co. Ltd.,242,235,235,237,29287
2021-02-02,Barun Hydropower Co. Ltd.,235,229,227,228,18433
2021-01-28,Barun Hydropower Co. Ltd.,236,236,229,230,13232
2021-01-31,Barun Hydropower Co. Ltd.,234,230,215,224,20605
2021-02-01,Barun Hydropower Co. Ltd.,232,224,224,229,16672
2021-02-03,Barun Hydropower Co. Ltd.,231,228,224,229,42369
2021-02-09,Barun Hydropower Co. Ltd.,255,254,244,245,27936
2021-02-04,Barun Hydropower Co. Ltd.,251,229,233,251,132181
2021-02-07,Barun Hydropower Co. Ltd.,276,251,253,263,77873
2021-02-08,Barun Hydropower Co. Ltd.,268,263,250,254,33166
2021-02-11,Barun Hydropower Co. Ltd.,246,245,242,243,18416
2021-02-10,Barun Hydropower Co. Ltd.,250,245,242,245,20358
2021-02-14,Barun Hydropower Co. Ltd.,262,243,246,258,49602
2021-02-16,Barun Hydropower Co. Ltd.,270,270,243,255,143828
2021-02-15,Barun Hydropower Co. Ltd.,275,258,260,270,95788
2021-02-18,Barun Hydropower Co. Ltd.,248,246,242,243,37650
2021-02-17,Barun Hydropower Co. Ltd.,258,255,243,246,55699
2021-02-22,Barun Hydropower Co. Ltd.,250,246,243,243,17970
2021-02-25,Barun Hydropower Co. Ltd.,239,239,233,235,14395
2021-02-21,Barun Hydropower Co. Ltd.,259,243,232,246,34818
2021-02-23,Barun Hydropower Co. Ltd.,241,243,231,241,27744
2021-02-24,Barun Hydropower Co. Ltd.,249,241,233,239,11990
2021-02-28,Barun Hydropower Co. Ltd.,234,235,221,221,20581
2021-03-01,Barun Hydropower Co. Ltd.,236,221,218,236,15662
2021-03-02,Barun Hydropower Co. Ltd.,247,236,225,231,19034
2021-03-04,Barun Hydropower Co. Ltd.,234,217,220,234,10882
2021-03-07,Barun Hydropower Co. Ltd.,233,234,226,230,7516
2021-03-03,Barun Hydropower Co. Ltd.,231,231,215,217,24869
2021-03-09,Barun Hydropower Co. Ltd.,242,230,226,235,26996
2021-03-15,Barun Hydropower Co. Ltd.,236,232,219,227,34467
2021-03-14,Barun Hydropower Co. Ltd.,247,236,228,232,9163
2021-03-10,Barun Hydropower Co. Ltd.,241,235,232,236,6980
2021-03-16,Barun Hydropower Co. Ltd.,236,227,220,231,16981
2021-03-24,Barun Hydropower Co. Ltd.,237,233,232,234,17542
2021-03-17,Barun Hydropower Co. Ltd.,235,231,228,231,7420
2021-03-23,Barun Hydropower Co. Ltd.,233,229,224,233,13918
2021-03-18,Barun Hydropower Co. Ltd.,235,231,225,228,13174
2021-03-21,Barun Hydropower Co. Ltd.,237,228,224,230,24842
2021-03-22,Barun Hydropower Co. Ltd.,229,230,226,229,14225
2021-03-30,Barun Hydropower Co. Ltd.,250,246,242,246,18484
2021-03-25,Barun Hydropower Co. Ltd.,237,234,230,235,19507
2021-03-29,Barun Hydropower Co. Ltd.,257,235,225,246,56488
2021-04-05,Barun Hydropower Co. Ltd.,258,246,240,241,14033
2021-03-31,Barun Hydropower Co. Ltd.,258,246,242,249,25994
2021-04-01,Barun Hydropower Co. Ltd.,252,249,243,248,16057
2021-04-04,Barun Hydropower Co. Ltd.,252,248,245,246,19049
2021-04-06,Barun Hydropower Co. Ltd.,251,241,237,249,38043
2021-04-07,Barun Hydropower Co. Ltd.,256,249,243,246,17310
2021-04-08,Barun Hydropower Co. Ltd.,249,246,243,245,13340
2021-04-12,Barun Hydropower Co. Ltd.,248,245,242,242,9970
2021-04-21,Barun Hydropower Co. Ltd.,245,241,238,241,9271
2021-04-13,Barun Hydropower Co. Ltd.,253,242,240,248,24315
2021-04-18,Barun Hydropower Co. Ltd.,248,244,242,243,12520
2021-04-19,Barun Hydropower Co. Ltd.,250,243,236,241,25062
2021-04-20,Barun Hydropower Co. Ltd.,245,241,237,241,10344
2021-04-26,Barun Hydropower Co. Ltd.,238,234,225,225,18342
2021-04-15,Barun Hydropower Co. Ltd.,250,248,244,244,25275
2021-04-22,Barun Hydropower Co. Ltd.,245,241,237,243,17738
2021-04-25,Barun Hydropower Co. Ltd.,240,243,231,234,18083
2021-04-27,Barun Hydropower Co. Ltd.,239,225,225,235,18405
2021-04-29,Barun Hydropower Co. Ltd.,242,232,230,240,18307
2021-04-28,Barun Hydropower Co. Ltd.,236,235,229,232,5468
2021-05-05,Barun Hydropower Co. Ltd.,271,247,245,271,162667
2021-05-02,Barun Hydropower Co. Ltd.,242,240,236,242,12137
2021-05-03,Barun Hydropower Co. Ltd.,251,242,240,243,25900
2021-05-04,Barun Hydropower Co. Ltd.,255,243,239,247,39775
2021-05-06,Barun Hydropower Co. Ltd.,287,271,260,279,144155
2021-05-10,Barun Hydropower Co. Ltd.,275,265,257,275,41164
2021-05-09,Barun Hydropower Co. Ltd.,284,279,261,265,54714
2021-05-11,Barun Hydropower Co. Ltd.,275,275,265,269,34296
2021-05-12,Barun Hydropower Co. Ltd.,290,269,265,283,107576
2021-05-13,Barun Hydropower Co. Ltd.,298,283,280,295,162716
2021-05-16,Barun Hydropower Co. Ltd.,324,295,285,324,206713
2021-05-18,Barun Hydropower Co. Ltd.,386,356,357,373,87792
2021-05-17,Barun Hydropower Co. Ltd.,356,324,324,356,195468
2021-05-23,Barun Hydropower Co. Ltd.,402,366,352,402,145274
2021-05-20,Barun Hydropower Co. Ltd.,377,357,350,366,113327
2021-05-19,Barun Hydropower Co. Ltd.,382,373,351,357,159005
2021-05-24,Barun Hydropower Co. Ltd.,442,402,405,442,76584
2021-06-08,Barun Hydropower Co. Ltd.,489,445,460,489,189235
2021-05-27,Barun Hydropower Co. Ltd.,532,486,466,503,120258
2021-05-30,Barun Hydropower Co. Ltd.,513,503,463,470,183959
2021-06-01,Barun Hydropower Co. Ltd.,448,425,407,427,76293
2021-06-02,Barun Hydropower Co. Ltd.,448,427,407,451,40936
2021-06-07,Barun Hydropower Co. Ltd.,450,424,425,445,117730
2021-05-25,Barun Hydropower Co. Ltd.,486,442,440,486,104058
2021-05-31,Barun Hydropower Co. Ltd.,490,470,425,425,208794
2021-06-03,Barun Hydropower Co. Ltd.,453,451,428,429,67357
2021-06-06,Barun Hydropower Co. Ltd.,448,429,418,424,98662
2021-06-13,Barun Hydropower Co. Ltd.,625,590,568,619,322335
2021-06-09,Barun Hydropower Co. Ltd.,537,489,513,537,188436
2021-06-10,Barun Hydropower Co. Ltd.,590,537,561,590,136700
2021-06-14,Barun Hydropower Co. Ltd.,645,619,580,645,251172
2021-06-17,Barun Hydropower Co. Ltd.,573,557,525,561,61505
2021-06-16,Barun Hydropower Co. Ltd.,612,600,551,557,121998
2021-06-15,Barun Hydropower Co. Ltd.,677,645,598,600,125498
2021-06-20,Barun Hydropower Co. Ltd.,570,561,512,512,59633
2021-06-23,Barun Hydropower Co. Ltd.,586,572,532,554,49650
2021-06-21,Barun Hydropower Co. Ltd.,529,512,488,520,80122
2021-06-22,Barun Hydropower Co. Ltd.,572,520,500,572,68100
2021-06-28,Barun Hydropower Co. Ltd.,549,535,510,528,45843
2021-06-24,Barun Hydropower Co. Ltd.,581,554,528,528,29404
2021-06-27,Barun Hydropower Co. Ltd.,560,528,502,535,36899
