date,company,open,high,low,close,volume
2010-05-16,Infrastructure Development Bank Ltd.,258,263,258,258,40
2010-05-18,Infrastructure Development Bank Ltd.,253,258,253,253,30
2010-05-25,Infrastructure Development Bank Ltd.,263,253,258,263,420
2010-05-26,Infrastructure Development Bank Ltd.,278,263,263,268,1530
2010-05-31,Infrastructure Development Bank Ltd.,274,268,270,270,850
2010-06-01,Infrastructure Development Bank Ltd.,270,270,270,270,120
2010-06-02,Infrastructure Development Bank Ltd.,265,270,265,265,240
2010-06-03,Infrastructure Development Bank Ltd.,270,265,270,270,100
2010-06-06,Infrastructure Development Bank Ltd.,270,270,265,265,60
2010-06-09,Infrastructure Development Bank Ltd.,270,265,270,270,100
2010-06-10,Infrastructure Development Bank Ltd.,265,270,265,265,150
2010-06-20,Infrastructure Development Bank Ltd.,260,265,260,260,680
2010-06-23,Infrastructure Development Bank Ltd.,260,260,260,260,960
2010-06-24,Infrastructure Development Bank Ltd.,260,260,260,260,960
2010-06-29,Infrastructure Development Bank Ltd.,260,260,260,260,25
2010-07-01,Infrastructure Development Bank Ltd.,270,260,260,260,540
2010-07-04,Infrastructure Development Bank Ltd.,255,260,245,245,360
2010-07-05,Infrastructure Development Bank Ltd.,245,245,237,237,280
2010-07-06,Infrastructure Development Bank Ltd.,233,237,233,233,450
2010-07-07,Infrastructure Development Bank Ltd.,239,233,231,239,940
2010-07-08,Infrastructure Development Bank Ltd.,243,239,243,243,444
2010-07-11,Infrastructure Development Bank Ltd.,255,243,244,255,140
2010-07-12,Infrastructure Development Bank Ltd.,275,255,255,275,1290
2010-07-13,Infrastructure Development Bank Ltd.,270,275,265,270,170
2010-07-14,Infrastructure Development Bank Ltd.,275,270,265,275,280
2010-07-15,Infrastructure Development Bank Ltd.,275,275,270,270,80
2010-07-18,Infrastructure Development Bank Ltd.,271,270,266,266,560
2010-07-19,Infrastructure Development Bank Ltd.,261,266,246,246,730
2010-07-20,Infrastructure Development Bank Ltd.,246,246,241,241,280
2010-07-21,Infrastructure Development Bank Ltd.,245,241,241,245,200
2010-07-22,Infrastructure Development Bank Ltd.,243,245,240,240,572
2010-07-25,Infrastructure Development Bank Ltd.,236,240,216,216,5944
2010-07-26,Infrastructure Development Bank Ltd.,237,216,214,237,2648
2010-07-27,Infrastructure Development Bank Ltd.,253,237,233,253,2920
2010-07-28,Infrastructure Development Bank Ltd.,277,253,228,272,9342
2010-07-29,Infrastructure Development Bank Ltd.,287,272,245,249,10706
2010-08-22,Infrastructure Development Bank Ltd.,157,249,157,157,80
2010-09-05,Infrastructure Development Bank Ltd.,160,157,157,157,60
2010-09-06,Infrastructure Development Bank Ltd.,154,157,143,143,1224
2010-09-07,Infrastructure Development Bank Ltd.,142,143,141,141,336
2010-09-08,Infrastructure Development Bank Ltd.,141,141,130,135,2976
2010-09-09,Infrastructure Development Bank Ltd.,135,135,132,134,886
2010-09-12,Infrastructure Development Bank Ltd.,134,134,130,134,2524
2010-09-13,Infrastructure Development Bank Ltd.,132,134,128,132,2015
2010-09-14,Infrastructure Development Bank Ltd.,132,132,128,130,2821
2010-09-15,Infrastructure Development Bank Ltd.,131,130,129,130,2582
2010-09-16,Infrastructure Development Bank Ltd.,134,130,130,134,320
2010-09-19,Infrastructure Development Bank Ltd.,137,134,135,137,861
2010-09-20,Infrastructure Development Bank Ltd.,138,137,135,137,2039
2010-09-21,Infrastructure Development Bank Ltd.,137,137,135,135,1522
2010-09-23,Infrastructure Development Bank Ltd.,140,135,136,140,2576
2010-09-26,Infrastructure Development Bank Ltd.,141,140,139,140,960
2010-09-27,Infrastructure Development Bank Ltd.,140,140,135,138,2804
2010-09-28,Infrastructure Development Bank Ltd.,141,138,136,141,1132
2010-09-29,Infrastructure Development Bank Ltd.,141,141,139,141,750
2010-09-30,Infrastructure Development Bank Ltd.,143,141,139,143,676
2010-10-03,Infrastructure Development Bank Ltd.,143,143,140,142,606
2010-10-05,Infrastructure Development Bank Ltd.,141,139,137,141,1343
2010-10-06,Infrastructure Development Bank Ltd.,142,141,138,142,3134
2010-10-07,Infrastructure Development Bank Ltd.,145,142,142,145,1584
2010-10-10,Infrastructure Development Bank Ltd.,149,145,147,149,422
2010-10-11,Infrastructure Development Bank Ltd.,151,149,148,150,2488
2010-10-12,Infrastructure Development Bank Ltd.,153,150,153,153,600
2010-10-13,Infrastructure Development Bank Ltd.,156,153,156,156,46
2010-10-20,Infrastructure Development Bank Ltd.,159,156,159,159,100
2010-10-21,Infrastructure Development Bank Ltd.,162,159,159,162,344
2010-10-24,Infrastructure Development Bank Ltd.,159,162,156,156,145
2010-10-25,Infrastructure Development Bank Ltd.,159,156,159,159,372
2010-10-26,Infrastructure Development Bank Ltd.,163,159,160,163,350
2010-10-27,Infrastructure Development Bank Ltd.,167,163,165,165,246
2010-10-28,Infrastructure Development Bank Ltd.,164,165,161,164,332
2010-11-02,Infrastructure Development Bank Ltd.,162,165,156,160,398
2010-11-03,Infrastructure Development Bank Ltd.,160,160,158,160,308
2010-11-09,Infrastructure Development Bank Ltd.,163,160,160,160,194
2010-11-10,Infrastructure Development Bank Ltd.,160,160,148,160,812
2010-11-11,Infrastructure Development Bank Ltd.,160,160,151,160,1208
2010-11-14,Infrastructure Development Bank Ltd.,160,160,160,160,220
2010-11-16,Infrastructure Development Bank Ltd.,157,160,157,157,352
2010-11-18,Infrastructure Development Bank Ltd.,154,157,151,151,100
2010-11-23,Infrastructure Development Bank Ltd.,148,151,148,148,312
2010-11-24,Infrastructure Development Bank Ltd.,150,148,146,146,1012
2010-11-25,Infrastructure Development Bank Ltd.,148,146,144,144,520
2010-11-28,Infrastructure Development Bank Ltd.,142,144,140,140,1249
2010-11-29,Infrastructure Development Bank Ltd.,140,140,134,134,264
2010-12-01,Infrastructure Development Bank Ltd.,132,134,131,131,452
2010-12-02,Infrastructure Development Bank Ltd.,140,131,131,140,1476
2010-12-05,Infrastructure Development Bank Ltd.,141,140,140,141,152
2010-12-06,Infrastructure Development Bank Ltd.,143,141,135,135,812
2010-12-07,Infrastructure Development Bank Ltd.,138,135,135,138,281
2010-12-08,Infrastructure Development Bank Ltd.,144,138,138,144,1700
2010-12-09,Infrastructure Development Bank Ltd.,144,144,142,142,1880
2010-12-12,Infrastructure Development Bank Ltd.,142,142,138,142,234
2010-12-13,Infrastructure Development Bank Ltd.,145,142,141,145,720
2010-12-14,Infrastructure Development Bank Ltd.,150,145,143,149,4691
2010-12-15,Infrastructure Development Bank Ltd.,151,149,147,151,2670
2010-12-16,Infrastructure Development Bank Ltd.,148,151,148,148,250
2010-12-19,Infrastructure Development Bank Ltd.,150,148,148,150,144
2010-12-22,Infrastructure Development Bank Ltd.,153,150,152,153,26
2010-12-23,Infrastructure Development Bank Ltd.,155,153,155,155,44
2010-12-26,Infrastructure Development Bank Ltd.,157,155,154,157,252
2010-12-27,Infrastructure Development Bank Ltd.,162,157,157,162,357
2010-12-28,Infrastructure Development Bank Ltd.,159,162,159,159,98
2010-12-29,Infrastructure Development Bank Ltd.,165,159,159,163,450
2011-01-03,Infrastructure Development Bank Ltd.,168,163,165,165,116
2011-01-04,Infrastructure Development Bank Ltd.,168,165,165,165,266
2011-01-10,Infrastructure Development Bank Ltd.,162,165,162,162,20
2011-01-12,Infrastructure Development Bank Ltd.,159,162,156,156,660
2011-01-13,Infrastructure Development Bank Ltd.,159,156,159,159,10
2011-01-16,Infrastructure Development Bank Ltd.,156,159,147,147,543
2011-01-17,Infrastructure Development Bank Ltd.,148,147,145,147,2698
2011-01-18,Infrastructure Development Bank Ltd.,147,147,141,147,530
2011-01-19,Infrastructure Development Bank Ltd.,147,147,141,147,1636
2011-01-20,Infrastructure Development Bank Ltd.,145,147,143,143,402
2011-01-23,Infrastructure Development Bank Ltd.,143,143,139,143,1306
2011-01-24,Infrastructure Development Bank Ltd.,145,143,145,145,88
2011-02-01,Infrastructure Development Bank Ltd.,145,145,137,137,798
2011-02-02,Infrastructure Development Bank Ltd.,135,137,133,133,380
2011-02-03,Infrastructure Development Bank Ltd.,132,133,132,132,24
2011-02-06,Infrastructure Development Bank Ltd.,132,132,130,130,267
2011-02-08,Infrastructure Development Bank Ltd.,136,130,132,136,312
2011-02-09,Infrastructure Development Bank Ltd.,135,136,135,135,30
2011-02-17,Infrastructure Development Bank Ltd.,139,135,137,139,40
2011-02-20,Infrastructure Development Bank Ltd.,139,139,135,135,800
2011-02-21,Infrastructure Development Bank Ltd.,137,135,135,137,740
2011-02-22,Infrastructure Development Bank Ltd.,137,137,134,135,654
2011-02-24,Infrastructure Development Bank Ltd.,135,135,135,135,360
2011-02-28,Infrastructure Development Bank Ltd.,135,135,133,133,120
2011-03-01,Infrastructure Development Bank Ltd.,132,133,126,126,787
2011-03-03,Infrastructure Development Bank Ltd.,124,126,122,124,1720
2011-03-07,Infrastructure Development Bank Ltd.,122,124,120,120,143
2011-03-09,Infrastructure Development Bank Ltd.,124,120,118,124,1190
2011-03-10,Infrastructure Development Bank Ltd.,123,124,118,122,3897
2011-03-13,Infrastructure Development Bank Ltd.,124,122,116,124,3902
2011-03-14,Infrastructure Development Bank Ltd.,127,124,125,127,1020
2011-03-15,Infrastructure Development Bank Ltd.,133,127,129,133,50
2011-03-16,Infrastructure Development Bank Ltd.,139,133,135,139,37
2011-03-17,Infrastructure Development Bank Ltd.,145,139,141,145,64
2011-03-21,Infrastructure Development Bank Ltd.,143,145,143,143,10
2011-03-22,Infrastructure Development Bank Ltd.,142,143,141,142,1010
2011-03-23,Infrastructure Development Bank Ltd.,144,142,134,134,264
2011-03-24,Infrastructure Development Bank Ltd.,132,134,121,123,2722
2011-03-29,Infrastructure Development Bank Ltd.,121,123,121,121,78
2011-03-30,Infrastructure Development Bank Ltd.,123,121,123,123,10
2011-03-31,Infrastructure Development Bank Ltd.,121,123,117,120,1632
2011-04-04,Infrastructure Development Bank Ltd.,120,120,114,116,844
2011-04-05,Infrastructure Development Bank Ltd.,118,116,116,116,64
2011-04-06,Infrastructure Development Bank Ltd.,116,116,114,116,154
2011-04-07,Infrastructure Development Bank Ltd.,122,116,118,122,106
2011-04-10,Infrastructure Development Bank Ltd.,120,122,120,120,96
2011-04-11,Infrastructure Development Bank Ltd.,122,120,122,122,10
2011-04-13,Infrastructure Development Bank Ltd.,126,122,120,126,244
2011-04-17,Infrastructure Development Bank Ltd.,130,126,128,130,40
2011-04-18,Infrastructure Development Bank Ltd.,134,130,132,134,20
2011-04-20,Infrastructure Development Bank Ltd.,131,134,127,131,338
2011-04-21,Infrastructure Development Bank Ltd.,133,131,133,133,10
2011-04-27,Infrastructure Development Bank Ltd.,135,133,135,135,20
2011-04-28,Infrastructure Development Bank Ltd.,137,135,137,137,20
2011-05-02,Infrastructure Development Bank Ltd.,139,137,139,139,10
2011-05-03,Infrastructure Development Bank Ltd.,137,139,126,126,1070
2011-05-04,Infrastructure Development Bank Ltd.,132,126,128,130,130
2011-05-08,Infrastructure Development Bank Ltd.,132,130,132,132,10
2011-05-09,Infrastructure Development Bank Ltd.,136,132,134,136,30
2011-05-10,Infrastructure Development Bank Ltd.,140,136,138,140,30
2011-05-11,Infrastructure Development Bank Ltd.,138,140,138,138,20
2011-05-16,Infrastructure Development Bank Ltd.,136,138,126,126,900
2011-05-18,Infrastructure Development Bank Ltd.,128,126,114,114,1794
2011-05-19,Infrastructure Development Bank Ltd.,118,114,103,103,5688
2011-05-22,Infrastructure Development Bank Ltd.,105,103,101,105,3814
2011-05-23,Infrastructure Development Bank Ltd.,109,105,101,108,5037
2011-05-24,Infrastructure Development Bank Ltd.,106,108,98,106,5983
2011-05-25,Infrastructure Development Bank Ltd.,105,106,100,105,3874
2011-05-26,Infrastructure Development Bank Ltd.,106,105,104,104,2676
2011-05-30,Infrastructure Development Bank Ltd.,107,104,100,107,750
2011-05-31,Infrastructure Development Bank Ltd.,109,107,103,109,7080
2011-06-01,Infrastructure Development Bank Ltd.,107,109,105,107,726
2011-06-02,Infrastructure Development Bank Ltd.,109,107,98,100,7803
2011-06-05,Infrastructure Development Bank Ltd.,102,100,101,101,831
2011-06-06,Infrastructure Development Bank Ltd.,100,101,98,100,700
2011-06-07,Infrastructure Development Bank Ltd.,99,100,98,99,632
2011-06-08,Infrastructure Development Bank Ltd.,98,99,96,97,3971
2011-06-09,Infrastructure Development Bank Ltd.,97,97,95,97,300
2011-06-12,Infrastructure Development Bank Ltd.,96,97,96,96,140
2011-06-13,Infrastructure Development Bank Ltd.,97,96,97,97,20
2011-06-14,Infrastructure Development Bank Ltd.,98,97,98,98,20
2011-06-15,Infrastructure Development Bank Ltd.,100,98,98,100,180
2011-06-16,Infrastructure Development Bank Ltd.,99,100,97,99,880
2011-06-19,Infrastructure Development Bank Ltd.,103,99,98,103,812
2011-06-20,Infrastructure Development Bank Ltd.,104,103,100,104,1656
2011-06-21,Infrastructure Development Bank Ltd.,106,104,100,102,2209
2011-06-23,Infrastructure Development Bank Ltd.,112,102,104,112,3738
2011-06-26,Infrastructure Development Bank Ltd.,112,112,110,110,1250
2011-07-06,Infrastructure Development Bank Ltd.,108,110,99,105,1564
2011-07-07,Infrastructure Development Bank Ltd.,103,105,95,96,1160
2011-07-10,Infrastructure Development Bank Ltd.,99,96,95,97,356
2011-07-11,Infrastructure Development Bank Ltd.,96,97,93,95,772
2011-07-12,Infrastructure Development Bank Ltd.,98,95,95,98,878
2011-07-13,Infrastructure Development Bank Ltd.,104,98,98,98,1828
2011-07-14,Infrastructure Development Bank Ltd.,107,98,99,107,328
2011-07-17,Infrastructure Development Bank Ltd.,114,107,109,114,2288
2011-07-18,Infrastructure Development Bank Ltd.,116,114,115,115,220
2011-07-19,Infrastructure Development Bank Ltd.,113,115,113,113,13
2011-07-20,Infrastructure Development Bank Ltd.,117,113,111,117,1356
2011-07-21,Infrastructure Development Bank Ltd.,119,117,111,115,760
2011-08-17,Infrastructure Development Bank Ltd.,113,115,107,107,186
2011-08-18,Infrastructure Development Bank Ltd.,105,107,103,103,94
2011-08-22,Infrastructure Development Bank Ltd.,101,103,97,97,998
2011-08-23,Infrastructure Development Bank Ltd.,98,97,92,98,1412
2011-08-24,Infrastructure Development Bank Ltd.,106,98,97,106,190
2011-08-25,Infrastructure Development Bank Ltd.,110,106,102,108,7815
2013-01-13,Infrastructure Development Bank Ltd.,97,98,95,95,223
2013-01-10,Infrastructure Development Bank Ltd.,106,108,98,98,1027
2013-01-16,Infrastructure Development Bank Ltd.,89,90,81,81,491
2013-01-15,Infrastructure Development Bank Ltd.,94,95,90,90,1266
2013-01-20,Infrastructure Development Bank Ltd.,73,74,67,68,1566
2013-01-23,Infrastructure Development Bank Ltd.,86,81,79,79,3258
2013-01-21,Infrastructure Development Bank Ltd.,74,68,68,74,5641
2013-01-22,Infrastructure Development Bank Ltd.,81,74,75,81,14049
2013-01-17,Infrastructure Development Bank Ltd.,80,81,74,74,1752
2013-01-27,Infrastructure Development Bank Ltd.,81,79,76,77,15889
2013-01-24,Infrastructure Development Bank Ltd.,80,79,78,79,3418
2013-01-30,Infrastructure Development Bank Ltd.,76,76,74,75,1315
2013-01-28,Infrastructure Development Bank Ltd.,77,77,76,76,289
2013-01-31,Infrastructure Development Bank Ltd.,75,75,72,72,1953
2013-02-03,Infrastructure Development Bank Ltd.,75,72,72,73,2428
2013-02-04,Infrastructure Development Bank Ltd.,72,73,71,72,879
2013-02-06,Infrastructure Development Bank Ltd.,73,72,72,73,243
2013-02-05,Infrastructure Development Bank Ltd.,72,72,72,72,210
2013-02-07,Infrastructure Development Bank Ltd.,73,73,72,72,694
2013-02-13,Infrastructure Development Bank Ltd.,71,71,70,70,536
2013-02-10,Infrastructure Development Bank Ltd.,73,72,72,72,68
2013-02-12,Infrastructure Development Bank Ltd.,72,72,71,71,330
2013-02-19,Infrastructure Development Bank Ltd.,73,72,73,73,961
2013-02-17,Infrastructure Development Bank Ltd.,72,71,72,72,11
2013-02-14,Infrastructure Development Bank Ltd.,71,70,69,71,4371
2013-02-26,Infrastructure Development Bank Ltd.,73,71,71,72,2722
2013-02-21,Infrastructure Development Bank Ltd.,70,71,68,69,4202
2013-02-24,Infrastructure Development Bank Ltd.,70,69,69,70,44
2013-02-20,Infrastructure Development Bank Ltd.,72,73,70,71,3063
2013-02-28,Infrastructure Development Bank Ltd.,82,78,79,82,550
2013-02-25,Infrastructure Development Bank Ltd.,71,70,69,71,1990
2013-02-27,Infrastructure Development Bank Ltd.,79,72,70,78,23207
2013-08-05,Infrastructure Development Bank Ltd.,81,82,79,79,30
2013-08-06,Infrastructure Development Bank Ltd.,78,79,78,78,10
2013-08-12,Infrastructure Development Bank Ltd.,71,72,65,69,6183
2013-08-07,Infrastructure Development Bank Ltd.,77,78,77,77,11
2013-08-11,Infrastructure Development Bank Ltd.,75,76,72,72,309
2013-08-08,Infrastructure Development Bank Ltd.,76,77,76,76,100
2013-08-14,Infrastructure Development Bank Ltd.,65,66,63,65,6621
2013-08-13,Infrastructure Development Bank Ltd.,68,69,64,66,2135
2013-08-15,Infrastructure Development Bank Ltd.,68,65,63,68,7620
2013-08-18,Infrastructure Development Bank Ltd.,67,68,62,62,2229
2013-08-20,Infrastructure Development Bank Ltd.,73,67,66,73,10351
2013-08-26,Infrastructure Development Bank Ltd.,71,71,70,70,22
2013-08-19,Infrastructure Development Bank Ltd.,67,62,61,67,3749
2013-08-25,Infrastructure Development Bank Ltd.,73,73,70,71,362
2013-09-01,Infrastructure Development Bank Ltd.,64,65,62,62,1565
2013-08-29,Infrastructure Development Bank Ltd.,69,70,65,65,2781
2013-09-03,Infrastructure Development Bank Ltd.,64,61,60,62,4278
2013-09-02,Infrastructure Development Bank Ltd.,65,62,61,61,6304
2013-09-05,Infrastructure Development Bank Ltd.,63,62,62,62,1128
2013-09-08,Infrastructure Development Bank Ltd.,63,62,61,61,1004
2013-09-04,Infrastructure Development Bank Ltd.,63,62,61,62,6500
2013-09-10,Infrastructure Development Bank Ltd.,62,62,59,60,2679
2013-09-09,Infrastructure Development Bank Ltd.,63,61,62,62,905
2013-09-15,Infrastructure Development Bank Ltd.,62,63,61,62,1112
2013-09-11,Infrastructure Development Bank Ltd.,61,60,57,61,644
2013-09-17,Infrastructure Development Bank Ltd.,61,61,60,61,14224
2013-09-12,Infrastructure Development Bank Ltd.,63,61,61,63,1622
2013-09-16,Infrastructure Development Bank Ltd.,61,62,59,61,1380
2013-09-23,Infrastructure Development Bank Ltd.,55,55,54,54,1400
2013-09-22,Infrastructure Development Bank Ltd.,57,58,55,55,1362
2013-09-19,Infrastructure Development Bank Ltd.,60,61,57,58,1184
2013-09-25,Infrastructure Development Bank Ltd.,55,56,54,54,1305
2013-09-29,Infrastructure Development Bank Ltd.,56,55,50,56,2957
2013-09-24,Infrastructure Development Bank Ltd.,56,54,53,56,1816
2013-09-26,Infrastructure Development Bank Ltd.,55,54,53,55,818
2013-10-06,Infrastructure Development Bank Ltd.,57,58,56,57,312
2013-10-01,Infrastructure Development Bank Ltd.,60,55,56,59,1590
2013-10-03,Infrastructure Development Bank Ltd.,58,57,58,58,11
2013-09-30,Infrastructure Development Bank Ltd.,55,56,53,55,1145
2013-10-02,Infrastructure Development Bank Ltd.,58,59,56,57,485
2013-10-09,Infrastructure Development Bank Ltd.,62,62,61,61,1197
2013-10-07,Infrastructure Development Bank Ltd.,62,57,57,62,3039
2013-10-23,Infrastructure Development Bank Ltd.,66,64,62,66,582
2013-10-08,Infrastructure Development Bank Ltd.,62,62,61,62,479
2013-10-17,Infrastructure Development Bank Ltd.,62,62,62,62,900
2013-10-22,Infrastructure Development Bank Ltd.,64,63,63,64,776
2013-10-24,Infrastructure Development Bank Ltd.,66,66,64,64,1201
2013-10-10,Infrastructure Development Bank Ltd.,62,61,62,62,11
2013-10-20,Infrastructure Development Bank Ltd.,62,62,62,62,11
2013-10-21,Infrastructure Development Bank Ltd.,64,62,63,63,1332
2013-10-29,Infrastructure Development Bank Ltd.,70,66,66,70,6108
2013-10-30,Infrastructure Development Bank Ltd.,71,70,69,71,7210
2013-10-28,Infrastructure Development Bank Ltd.,67,64,65,66,3961
2013-10-31,Infrastructure Development Bank Ltd.,70,71,67,67,714
2013-11-07,Infrastructure Development Bank Ltd.,68,67,67,68,398
2013-11-11,Infrastructure Development Bank Ltd.,65,65,64,65,1650
2013-11-10,Infrastructure Development Bank Ltd.,67,68,65,65,521
2013-11-14,Infrastructure Development Bank Ltd.,77,72,70,77,7927
2013-11-13,Infrastructure Development Bank Ltd.,72,66,67,72,3783
2013-11-12,Infrastructure Development Bank Ltd.,66,65,66,66,34
2013-11-24,Infrastructure Development Bank Ltd.,84,77,78,83,14858
2013-11-26,Infrastructure Development Bank Ltd.,90,85,86,90,6331
2013-12-01,Infrastructure Development Bank Ltd.,87,87,86,87,1324
2013-11-25,Infrastructure Development Bank Ltd.,85,83,83,85,3128
2013-11-27,Infrastructure Development Bank Ltd.,90,90,89,89,2481
2013-11-28,Infrastructure Development Bank Ltd.,90,89,87,87,928
2013-12-12,Infrastructure Development Bank Ltd.,98,99,96,97,1788
2013-12-02,Infrastructure Development Bank Ltd.,95,87,88,92,3524
2013-12-04,Infrastructure Development Bank Ltd.,111,101,103,111,5887
2013-12-08,Infrastructure Development Bank Ltd.,113,111,107,109,4742
2013-12-10,Infrastructure Development Bank Ltd.,101,103,99,99,56
2013-12-03,Infrastructure Development Bank Ltd.,101,92,93,101,1590
2013-12-05,Infrastructure Development Bank Ltd.,121,111,111,111,12256
2013-12-09,Infrastructure Development Bank Ltd.,107,109,103,103,2478
2013-12-11,Infrastructure Development Bank Ltd.,100,99,90,99,5527
2013-12-18,Infrastructure Development Bank Ltd.,106,104,106,106,759
2013-12-15,Infrastructure Development Bank Ltd.,102,97,96,102,8119
2013-12-19,Infrastructure Development Bank Ltd.,105,106,103,103,1000
2013-12-16,Infrastructure Development Bank Ltd.,106,102,104,104,2380
2013-12-24,Infrastructure Development Bank Ltd.,99,98,97,97,2288
2013-12-23,Infrastructure Development Bank Ltd.,104,104,98,98,1033
2013-12-22,Infrastructure Development Bank Ltd.,104,103,100,104,6473
2014-01-01,Infrastructure Development Bank Ltd.,91,92,89,90,2179
2013-12-26,Infrastructure Development Bank Ltd.,96,97,95,95,45
2013-12-31,Infrastructure Development Bank Ltd.,96,95,92,92,2290
2013-12-29,Infrastructure Development Bank Ltd.,95,95,94,95,991
2014-01-07,Infrastructure Development Bank Ltd.,90,85,86,86,12111
2014-01-01,Infrastructure Development Bank Ltd.,91,92,89,90,2179
2014-01-05,Infrastructure Development Bank Ltd.,86,87,82,83,594
2014-01-02,Infrastructure Development Bank Ltd.,90,90,87,87,1397
2014-01-06,Infrastructure Development Bank Ltd.,86,83,85,85,281
2014-01-08,Infrastructure Development Bank Ltd.,90,86,88,89,380
2014-01-09,Infrastructure Development Bank Ltd.,91,89,88,88,3177
2014-01-13,Infrastructure Development Bank Ltd.,93,90,90,92,2891
2014-01-12,Infrastructure Development Bank Ltd.,91,88,89,90,159
2014-01-16,Infrastructure Development Bank Ltd.,91,90,88,88,223
2014-01-14,Infrastructure Development Bank Ltd.,93,92,90,90,546
2014-01-20,Infrastructure Development Bank Ltd.,90,89,90,90,88
2014-01-19,Infrastructure Development Bank Ltd.,89,88,88,89,214
2014-01-21,Infrastructure Development Bank Ltd.,89,90,85,85,370
2014-01-22,Infrastructure Development Bank Ltd.,93,85,86,93,1923
2014-01-27,Infrastructure Development Bank Ltd.,123,112,114,122,22269
2014-01-26,Infrastructure Development Bank Ltd.,112,102,104,112,10210
2014-01-23,Infrastructure Development Bank Ltd.,102,93,93,102,6207
2014-02-05,Infrastructure Development Bank Ltd.,117,107,106,117,5994
2014-01-28,Infrastructure Development Bank Ltd.,126,122,113,118,21807
2014-01-29,Infrastructure Development Bank Ltd.,120,118,114,116,14772
2014-02-03,Infrastructure Development Bank Ltd.,114,110,105,105,5137
2014-02-02,Infrastructure Development Bank Ltd.,114,116,108,110,1504
2014-02-04,Infrastructure Development Bank Ltd.,110,105,105,107,890
2014-02-10,Infrastructure Development Bank Ltd.,122,114,115,116,9483
2014-02-09,Infrastructure Development Bank Ltd.,117,114,114,114,4291
2014-02-06,Infrastructure Development Bank Ltd.,120,117,114,114,6851
2014-02-18,Infrastructure Development Bank Ltd.,116,112,110,115,4086
2014-02-16,Infrastructure Development Bank Ltd.,117,114,108,115,1985
2014-02-17,Infrastructure Development Bank Ltd.,117,115,112,112,2909
2014-02-11,Infrastructure Development Bank Ltd.,119,116,111,111,14296
2014-02-12,Infrastructure Development Bank Ltd.,115,111,113,113,2262
2014-02-13,Infrastructure Development Bank Ltd.,117,113,113,114,2358
2014-02-23,Infrastructure Development Bank Ltd.,120,118,118,120,2463
2014-02-20,Infrastructure Development Bank Ltd.,118,115,113,118,967
2014-03-09,Infrastructure Development Bank Ltd.,128,127,121,128,3598
2014-02-24,Infrastructure Development Bank Ltd.,122,120,116,116,4936
2014-02-25,Infrastructure Development Bank Ltd.,127,116,115,127,19109
2014-02-26,Infrastructure Development Bank Ltd.,139,127,127,127,41228
2014-03-04,Infrastructure Development Bank Ltd.,129,119,117,125,18516
2014-03-03,Infrastructure Development Bank Ltd.,125,127,116,119,6811
2014-03-05,Infrastructure Development Bank Ltd.,127,125,121,125,8619
2014-03-06,Infrastructure Development Bank Ltd.,129,125,123,127,15742
2014-03-11,Infrastructure Development Bank Ltd.,125,122,120,125,2755
2014-03-10,Infrastructure Development Bank Ltd.,126,128,120,122,3000
2014-03-18,Infrastructure Development Bank Ltd.,122,120,112,114,1907
2014-03-13,Infrastructure Development Bank Ltd.,125,121,117,122,4208
2014-03-12,Infrastructure Development Bank Ltd.,123,125,120,121,550
2014-03-17,Infrastructure Development Bank Ltd.,124,122,120,120,4357
2014-03-20,Infrastructure Development Bank Ltd.,122,122,116,120,3009
2014-03-19,Infrastructure Development Bank Ltd.,122,114,116,122,1811
2014-03-23,Infrastructure Development Bank Ltd.,121,120,117,118,3628
2014-03-24,Infrastructure Development Bank Ltd.,126,118,119,123,10527
2014-04-03,Infrastructure Development Bank Ltd.,122,120,119,119,2189
2014-03-25,Infrastructure Development Bank Ltd.,125,123,119,120,16962
2014-03-27,Infrastructure Development Bank Ltd.,124,122,120,121,1513
2014-03-26,Infrastructure Development Bank Ltd.,123,120,120,122,11913
2014-03-31,Infrastructure Development Bank Ltd.,122,121,118,122,8304
2014-04-01,Infrastructure Development Bank Ltd.,121,122,118,118,360
2014-04-06,Infrastructure Development Bank Ltd.,120,119,116,118,5940
2014-04-02,Infrastructure Development Bank Ltd.,120,118,116,120,825
2014-04-10,Infrastructure Development Bank Ltd.,119,117,115,119,3946
2014-04-09,Infrastructure Development Bank Ltd.,120,118,117,117,682
2014-04-07,Infrastructure Development Bank Ltd.,120,118,116,118,3370
2014-04-13,Infrastructure Development Bank Ltd.,121,119,115,119,1586
2014-04-15,Infrastructure Development Bank Ltd.,123,119,120,122,5306
2014-04-17,Infrastructure Development Bank Ltd.,126,120,121,123,7864
2014-04-16,Infrastructure Development Bank Ltd.,122,122,118,120,18150
2014-04-22,Infrastructure Development Bank Ltd.,128,127,124,125,8250
2014-04-20,Infrastructure Development Bank Ltd.,127,123,124,125,6446
2014-04-28,Infrastructure Development Bank Ltd.,130,129,123,130,4072
2014-04-21,Infrastructure Development Bank Ltd.,130,125,121,127,15645
2014-04-23,Infrastructure Development Bank Ltd.,133,125,125,128,11819
2014-05-04,Infrastructure Development Bank Ltd.,130,126,126,129,12366
2014-04-30,Infrastructure Development Bank Ltd.,130,128,126,126,9547
2014-04-27,Infrastructure Development Bank Ltd.,131,128,126,129,4878
2014-04-29,Infrastructure Development Bank Ltd.,130,130,125,128,6495
2014-05-06,Infrastructure Development Bank Ltd.,142,136,130,132,9295
2014-05-05,Infrastructure Development Bank Ltd.,140,129,131,136,9203
2014-05-12,Infrastructure Development Bank Ltd.,136,135,132,132,7168
2014-05-08,Infrastructure Development Bank Ltd.,137,136,130,133,7238
2014-05-07,Infrastructure Development Bank Ltd.,136,132,130,136,7530
2014-05-11,Infrastructure Development Bank Ltd.,135,133,129,135,19312
2014-05-15,Infrastructure Development Bank Ltd.,136,135,131,135,5465
2014-05-13,Infrastructure Development Bank Ltd.,135,132,130,135,6232
2014-05-19,Infrastructure Development Bank Ltd.,135,128,128,133,8488
2014-05-18,Infrastructure Development Bank Ltd.,135,135,128,128,6358
2014-05-22,Infrastructure Development Bank Ltd.,139,135,132,138,10226
2014-05-20,Infrastructure Development Bank Ltd.,133,133,130,130,4121
2014-05-26,Infrastructure Development Bank Ltd.,142,144,136,136,7936
2014-05-21,Infrastructure Development Bank Ltd.,139,130,132,135,9750
2014-05-25,Infrastructure Development Bank Ltd.,144,138,136,144,8810
2014-05-27,Infrastructure Development Bank Ltd.,136,136,133,133,1524
2014-06-01,Infrastructure Development Bank Ltd.,142,138,138,138,7020
2014-05-28,Infrastructure Development Bank Ltd.,143,133,133,138,10417
2014-06-10,Infrastructure Development Bank Ltd.,164,164,152,161,6399
2014-06-03,Infrastructure Development Bank Ltd.,143,137,134,142,11588
2014-06-08,Infrastructure Development Bank Ltd.,170,155,152,170,22033
2014-06-02,Infrastructure Development Bank Ltd.,142,138,137,137,2812
2014-06-04,Infrastructure Development Bank Ltd.,144,142,136,144,6818
2014-06-05,Infrastructure Development Bank Ltd.,155,144,142,155,25489
2014-06-09,Infrastructure Development Bank Ltd.,172,170,160,164,25989
2014-06-15,Infrastructure Development Bank Ltd.,169,164,160,167,12846
2014-06-12,Infrastructure Development Bank Ltd.,171,164,154,164,11772
2014-06-11,Infrastructure Development Bank Ltd.,164,161,153,164,11707
2014-06-17,Infrastructure Development Bank Ltd.,165,165,160,0,2057
2014-06-16,Infrastructure Development Bank Ltd.,170,167,159,165,13467
2014-06-25,Infrastructure Development Bank Ltd.,186,171,168,174,29806
2014-06-19,Infrastructure Development Bank Ltd.,166,166,160,166,1814
2014-06-23,Infrastructure Development Bank Ltd.,170,166,159,170,12553
2014-06-24,Infrastructure Development Bank Ltd.,180,170,165,171,65201
2014-06-18,Infrastructure Development Bank Ltd.,166,163,157,163,6682
2014-07-02,Infrastructure Development Bank Ltd.,186,180,175,182,76922
2014-06-29,Infrastructure Development Bank Ltd.,187,184,178,183,21334
2014-06-26,Infrastructure Development Bank Ltd.,191,174,171,184,22946
2014-06-30,Infrastructure Development Bank Ltd.,185,183,172,182,9618
2014-07-01,Infrastructure Development Bank Ltd.,182,182,177,180,14528
2014-07-03,Infrastructure Development Bank Ltd.,182,182,179,182,5446
2014-07-08,Infrastructure Development Bank Ltd.,185,180,181,185,5644
2014-07-06,Infrastructure Development Bank Ltd.,185,182,177,180,10982
2014-07-07,Infrastructure Development Bank Ltd.,189,180,180,180,12846
2014-07-09,Infrastructure Development Bank Ltd.,184,185,180,180,1356
2014-07-21,Infrastructure Development Bank Ltd.,242,220,224,242,47529
2014-07-10,Infrastructure Development Bank Ltd.,194,180,180,187,11869
2014-07-15,Infrastructure Development Bank Ltd.,200,190,187,190,4818
2014-07-16,Infrastructure Development Bank Ltd.,193,190,189,190,5990
2014-07-13,Infrastructure Development Bank Ltd.,196,187,190,195,22424
2014-07-14,Infrastructure Development Bank Ltd.,194,195,186,190,4957
2014-07-17,Infrastructure Development Bank Ltd.,204,190,188,200,26181
2014-07-22,Infrastructure Development Bank Ltd.,265,242,243,254,55762
2014-07-20,Infrastructure Development Bank Ltd.,220,200,200,220,21804
2014-07-28,Infrastructure Development Bank Ltd.,228,230,220,227,10814
2014-07-23,Infrastructure Development Bank Ltd.,261,254,250,253,20329
2014-07-24,Infrastructure Development Bank Ltd.,258,253,239,240,18130
2014-07-30,Infrastructure Development Bank Ltd.,231,227,223,227,17202
2014-07-27,Infrastructure Development Bank Ltd.,244,240,228,230,8806
2014-08-03,Infrastructure Development Bank Ltd.,244,244,227,228,8547
2014-07-31,Infrastructure Development Bank Ltd.,244,227,224,244,25719
2014-08-14,Infrastructure Development Bank Ltd.,227,230,221,223,6004
2014-08-04,Infrastructure Development Bank Ltd.,229,228,223,223,3378
2014-08-07,Infrastructure Development Bank Ltd.,235,238,226,235,10065
2014-08-12,Infrastructure Development Bank Ltd.,231,235,222,222,5157
2014-08-05,Infrastructure Development Bank Ltd.,232,223,222,229,8114
2014-08-06,Infrastructure Development Bank Ltd.,251,229,230,238,19917
2014-08-19,Infrastructure Development Bank Ltd.,224,217,209,220,4475
2014-08-13,Infrastructure Development Bank Ltd.,230,222,218,230,2578
2014-08-18,Infrastructure Development Bank Ltd.,219,223,201,217,1278
2014-08-26,Infrastructure Development Bank Ltd.,204,198,192,192,1351
2014-08-27,Infrastructure Development Bank Ltd.,211,192,195,211,2575
2014-08-20,Infrastructure Development Bank Ltd.,216,220,205,210,4593
2014-08-21,Infrastructure Development Bank Ltd.,218,210,202,213,4482
2014-08-24,Infrastructure Development Bank Ltd.,217,213,205,207,6377
2014-08-25,Infrastructure Development Bank Ltd.,203,207,195,198,2838
2014-08-28,Infrastructure Development Bank Ltd.,222,211,207,215,17557
2014-09-01,Infrastructure Development Bank Ltd.,203,207,192,195,5971
2014-08-31,Infrastructure Development Bank Ltd.,215,215,203,207,637
2014-09-07,Infrastructure Development Bank Ltd.,186,189,178,181,559
2014-09-04,Infrastructure Development Bank Ltd.,192,195,182,189,604
2014-09-03,Infrastructure Development Bank Ltd.,205,195,195,195,2731
2014-09-10,Infrastructure Development Bank Ltd.,195,190,184,185,3529
2014-09-09,Infrastructure Development Bank Ltd.,199,181,184,190,5968
2014-09-15,Infrastructure Development Bank Ltd.,185,173,173,182,3534
2014-09-11,Infrastructure Development Bank Ltd.,182,185,172,175,2790
2014-09-14,Infrastructure Development Bank Ltd.,176,175,173,173,3130
2014-09-21,Infrastructure Development Bank Ltd.,170,171,162,170,3930
2014-09-17,Infrastructure Development Bank Ltd.,190,188,186,189,2212
2014-09-16,Infrastructure Development Bank Ltd.,188,182,179,188,4642
2014-09-18,Infrastructure Development Bank Ltd.,186,189,171,171,5832
2014-09-28,Infrastructure Development Bank Ltd.,171,171,165,171,422
2014-09-23,Infrastructure Development Bank Ltd.,170,165,159,170,1289
2014-09-29,Infrastructure Development Bank Ltd.,180,171,174,180,33
2014-09-22,Infrastructure Development Bank Ltd.,172,170,163,165,6461
2014-09-24,Infrastructure Development Bank Ltd.,171,170,168,171,451
2014-10-13,Infrastructure Development Bank Ltd.,174,175,161,168,2096
2014-10-08,Infrastructure Development Bank Ltd.,181,177,180,180,392
2014-10-12,Infrastructure Development Bank Ltd.,175,175,169,175,586
2014-09-30,Infrastructure Development Bank Ltd.,181,180,177,177,617
2014-10-09,Infrastructure Development Bank Ltd.,178,180,172,175,1680
2014-10-20,Infrastructure Development Bank Ltd.,182,172,165,182,7191
2014-10-14,Infrastructure Development Bank Ltd.,171,168,171,171,66
2014-10-15,Infrastructure Development Bank Ltd.,182,171,171,182,563
2014-10-16,Infrastructure Development Bank Ltd.,183,182,170,176,639
2014-10-19,Infrastructure Development Bank Ltd.,173,176,171,172,839
2014-10-22,Infrastructure Development Bank Ltd.,178,175,172,172,174
2014-10-21,Infrastructure Development Bank Ltd.,180,182,175,175,776
2014-10-27,Infrastructure Development Bank Ltd.,170,169,167,167,2513
2014-10-26,Infrastructure Development Bank Ltd.,169,172,169,169,1293
2014-10-28,Infrastructure Development Bank Ltd.,170,167,163,170,257
2014-11-02,Infrastructure Development Bank Ltd.,175,178,166,169,3422
2014-10-30,Infrastructure Development Bank Ltd.,180,170,170,178,7515
2014-11-11,Infrastructure Development Bank Ltd.,166,165,159,164,4725
2014-11-03,Infrastructure Development Bank Ltd.,170,169,165,165,5971
2014-11-05,Infrastructure Development Bank Ltd.,172,157,159,172,7061
2014-11-06,Infrastructure Development Bank Ltd.,170,172,165,166,815
2014-11-10,Infrastructure Development Bank Ltd.,167,170,161,165,1219
2014-11-04,Infrastructure Development Bank Ltd.,162,165,157,157,693
2014-11-09,Infrastructure Development Bank Ltd.,170,166,167,170,2913
2014-11-16,Infrastructure Development Bank Ltd.,170,167,164,164,1940
2014-11-12,Infrastructure Development Bank Ltd.,165,164,161,161,5985
2014-11-13,Infrastructure Development Bank Ltd.,167,161,164,167,2761
2014-11-19,Infrastructure Development Bank Ltd.,159,155,154,159,1935
2014-11-18,Infrastructure Development Bank Ltd.,160,160,154,155,5384
2014-11-17,Infrastructure Development Bank Ltd.,169,164,160,160,2768
2014-11-20,Infrastructure Development Bank Ltd.,162,159,158,161,701
2014-11-23,Infrastructure Development Bank Ltd.,161,161,160,160,224
2014-11-30,Infrastructure Development Bank Ltd.,164,162,151,151,1994
2014-11-24,Infrastructure Development Bank Ltd.,163,160,150,150,2187
2014-11-25,Infrastructure Development Bank Ltd.,162,150,153,162,244
2014-12-03,Infrastructure Development Bank Ltd.,156,151,152,153,5229
2014-12-01,Infrastructure Development Bank Ltd.,155,151,152,153,852
2014-12-02,Infrastructure Development Bank Ltd.,151,153,149,151,853
2014-12-07,Infrastructure Development Bank Ltd.,158,160,155,155,3103
2014-12-09,Infrastructure Development Bank Ltd.,158,158,157,158,412
2014-12-08,Infrastructure Development Bank Ltd.,158,155,152,158,1165
2014-12-04,Infrastructure Development Bank Ltd.,164,153,151,160,1651
2014-12-10,Infrastructure Development Bank Ltd.,161,158,158,158,1549
2014-12-16,Infrastructure Development Bank Ltd.,170,172,166,166,590
2014-12-14,Infrastructure Development Bank Ltd.,172,160,155,172,6307
2014-12-15,Infrastructure Development Bank Ltd.,178,172,160,172,6135
2014-12-11,Infrastructure Development Bank Ltd.,165,158,160,160,1647
2014-12-22,Infrastructure Development Bank Ltd.,167,165,161,163,1586
2014-12-17,Infrastructure Development Bank Ltd.,171,166,163,165,1610
2014-12-18,Infrastructure Development Bank Ltd.,165,165,156,165,1996
2014-12-28,Infrastructure Development Bank Ltd.,166,163,160,166,5602
2014-12-24,Infrastructure Development Bank Ltd.,163,162,159,163,817
2014-12-23,Infrastructure Development Bank Ltd.,162,163,158,162,3002
2014-12-29,Infrastructure Development Bank Ltd.,167,166,164,165,6311
2015-01-05,Infrastructure Development Bank Ltd.,167,165,165,165,2857
2014-12-31,Infrastructure Development Bank Ltd.,164,165,162,164,3724
2015-01-04,Infrastructure Development Bank Ltd.,168,165,164,165,3404
2015-01-01,Infrastructure Development Bank Ltd.,166,164,161,165,1388
2015-01-01,Infrastructure Development Bank Ltd.,166,164,161,165,1388
2015-01-12,Infrastructure Development Bank Ltd.,171,168,166,169,1368
2015-01-06,Infrastructure Development Bank Ltd.,165,165,163,165,63
2015-01-07,Infrastructure Development Bank Ltd.,168,165,162,168,2574
2015-01-08,Infrastructure Development Bank Ltd.,172,168,166,166,1195
2015-01-19,Infrastructure Development Bank Ltd.,196,187,185,188,6443
2015-01-11,Infrastructure Development Bank Ltd.,169,166,166,168,424
2015-01-13,Infrastructure Development Bank Ltd.,167,169,163,163,586
2015-01-14,Infrastructure Development Bank Ltd.,175,163,166,175,523
2015-01-18,Infrastructure Development Bank Ltd.,190,175,173,187,7921
2015-01-20,Infrastructure Development Bank Ltd.,188,188,176,176,5523
2015-01-25,Infrastructure Development Bank Ltd.,189,176,170,189,8694
2015-01-22,Infrastructure Development Bank Ltd.,178,176,172,176,6552
2015-01-26,Infrastructure Development Bank Ltd.,195,189,186,186,15180
2015-01-28,Infrastructure Development Bank Ltd.,200,191,189,199,16636
2015-01-27,Infrastructure Development Bank Ltd.,191,186,187,191,9529
2015-01-29,Infrastructure Development Bank Ltd.,212,199,196,198,14791
2015-02-08,Infrastructure Development Bank Ltd.,201,199,199,200,6925
2015-02-01,Infrastructure Development Bank Ltd.,205,198,197,205,14693
2015-02-02,Infrastructure Development Bank Ltd.,209,205,201,204,10838
2015-02-04,Infrastructure Development Bank Ltd.,201,200,197,199,9887
2015-02-05,Infrastructure Development Bank Ltd.,205,199,196,199,17393
2015-02-03,Infrastructure Development Bank Ltd.,201,204,192,200,6203
2015-02-18,Infrastructure Development Bank Ltd.,188,191,182,188,2701
2015-02-11,Infrastructure Development Bank Ltd.,193,195,187,187,8974
2015-02-12,Infrastructure Development Bank Ltd.,200,187,188,193,8525
2015-02-22,Infrastructure Development Bank Ltd.,191,188,180,182,4346
2015-02-09,Infrastructure Development Bank Ltd.,200,200,196,199,4241
2015-02-10,Infrastructure Development Bank Ltd.,199,199,195,195,7489
2015-02-15,Infrastructure Development Bank Ltd.,196,193,190,193,3702
2015-02-16,Infrastructure Development Bank Ltd.,198,193,191,191,5747
2015-03-01,Infrastructure Development Bank Ltd.,193,196,189,190,2304
2015-02-25,Infrastructure Development Bank Ltd.,184,184,180,183,5150
2015-02-26,Infrastructure Development Bank Ltd.,196,183,180,196,4683
2015-02-23,Infrastructure Development Bank Ltd.,186,182,176,186,2121
2015-02-24,Infrastructure Development Bank Ltd.,185,186,180,184,2139
2015-03-09,Infrastructure Development Bank Ltd.,208,200,197,200,10729
2015-03-03,Infrastructure Development Bank Ltd.,201,196,195,201,13662
2015-03-02,Infrastructure Development Bank Ltd.,196,190,190,196,9989
2015-03-04,Infrastructure Development Bank Ltd.,204,201,198,200,8178
2015-03-10,Infrastructure Development Bank Ltd.,200,200,197,200,8050
2015-03-16,Infrastructure Development Bank Ltd.,191,192,187,188,2313
2015-03-11,Infrastructure Development Bank Ltd.,199,200,193,199,5428
2015-03-12,Infrastructure Development Bank Ltd.,199,199,194,195,730
2015-03-17,Infrastructure Development Bank Ltd.,193,188,190,190,2962
2015-03-18,Infrastructure Development Bank Ltd.,190,190,184,190,2454
2015-03-15,Infrastructure Development Bank Ltd.,197,195,192,192,424
2015-03-23,Infrastructure Development Bank Ltd.,183,183,177,180,3915
2015-03-19,Infrastructure Development Bank Ltd.,194,190,190,194,1840
2015-03-22,Infrastructure Development Bank Ltd.,191,194,183,183,501
2015-03-24,Infrastructure Development Bank Ltd.,180,180,175,180,1036
2015-03-30,Infrastructure Development Bank Ltd.,188,191,179,182,2937
2015-03-25,Infrastructure Development Bank Ltd.,181,180,179,181,934
2015-03-29,Infrastructure Development Bank Ltd.,191,180,178,191,2587
2015-03-26,Infrastructure Development Bank Ltd.,180,181,177,180,4594
2015-04-02,Infrastructure Development Bank Ltd.,180,181,178,180,1244
2015-03-31,Infrastructure Development Bank Ltd.,185,182,179,185,698
2015-04-09,Infrastructure Development Bank Ltd.,184,181,181,183,3236
2015-04-01,Infrastructure Development Bank Ltd.,182,185,179,181,1842
2015-04-05,Infrastructure Development Bank Ltd.,180,180,177,180,380
2015-04-06,Infrastructure Development Bank Ltd.,183,180,175,182,2347
2015-04-07,Infrastructure Development Bank Ltd.,179,182,179,179,11
2015-04-08,Infrastructure Development Bank Ltd.,187,179,181,181,657
2015-04-16,Infrastructure Development Bank Ltd.,184,187,184,184,44
2015-04-15,Infrastructure Development Bank Ltd.,187,181,182,187,1994
2015-04-12,Infrastructure Development Bank Ltd.,185,183,181,181,96
2015-04-21,Infrastructure Development Bank Ltd.,182,183,179,182,1402
2015-04-19,Infrastructure Development Bank Ltd.,183,184,177,177,1507
2015-04-20,Infrastructure Development Bank Ltd.,186,177,180,183,3017
2015-06-03,Infrastructure Development Bank Ltd.,172,170,168,169,4247
2015-04-23,Infrastructure Development Bank Ltd.,182,179,174,179,6332
2015-04-22,Infrastructure Development Bank Ltd.,182,182,179,179,739
2015-05-27,Infrastructure Development Bank Ltd.,176,179,170,170,42
2015-06-01,Infrastructure Development Bank Ltd.,167,170,164,164,221
2015-06-02,Infrastructure Development Bank Ltd.,170,164,163,170,1748
2015-06-04,Infrastructure Development Bank Ltd.,172,169,170,170,2811
2015-06-09,Infrastructure Development Bank Ltd.,190,184,180,181,8496
2015-06-07,Infrastructure Development Bank Ltd.,173,170,164,170,5497
2015-06-08,Infrastructure Development Bank Ltd.,184,170,164,184,3930
2015-06-11,Infrastructure Development Bank Ltd.,181,184,175,175,4221
2015-06-10,Infrastructure Development Bank Ltd.,184,181,177,184,6710
2015-06-17,Infrastructure Development Bank Ltd.,173,171,169,172,3889
2015-06-15,Infrastructure Development Bank Ltd.,174,171,167,171,1006
2015-06-14,Infrastructure Development Bank Ltd.,172,175,171,171,1388
2015-06-16,Infrastructure Development Bank Ltd.,171,171,166,171,4544
2015-06-21,Infrastructure Development Bank Ltd.,176,176,167,174,2656
2015-06-18,Infrastructure Development Bank Ltd.,182,172,168,176,1680
2015-06-24,Infrastructure Development Bank Ltd.,172,171,172,172,34
2015-06-23,Infrastructure Development Bank Ltd.,172,172,167,171,1666
2015-06-22,Infrastructure Development Bank Ltd.,172,174,172,172,557
2015-06-28,Infrastructure Development Bank Ltd.,174,175,172,174,1786
2015-06-25,Infrastructure Development Bank Ltd.,178,172,170,175,6537
2015-07-05,Infrastructure Development Bank Ltd.,175,173,172,172,2425
2015-06-30,Infrastructure Development Bank Ltd.,174,173,170,171,66
2015-07-01,Infrastructure Development Bank Ltd.,177,171,173,173,225
2015-06-29,Infrastructure Development Bank Ltd.,176,174,171,173,1819
2015-07-02,Infrastructure Development Bank Ltd.,176,173,165,173,370
2015-07-06,Infrastructure Development Bank Ltd.,170,172,169,170,715
2015-07-09,Infrastructure Development Bank Ltd.,173,171,170,171,1835
2015-07-07,Infrastructure Development Bank Ltd.,171,170,168,170,4932
2015-07-08,Infrastructure Development Bank Ltd.,172,170,170,171,2115
2015-07-12,Infrastructure Development Bank Ltd.,173,171,170,172,4527
2015-07-22,Infrastructure Development Bank Ltd.,182,178,178,182,678
2015-07-13,Infrastructure Development Bank Ltd.,175,172,169,175,1769
2015-07-15,Infrastructure Development Bank Ltd.,180,173,171,180,1264
2015-07-14,Infrastructure Development Bank Ltd.,175,175,173,173,174
2015-07-16,Infrastructure Development Bank Ltd.,178,180,177,178,69
2015-07-26,Infrastructure Development Bank Ltd.,202,187,190,202,3021
2015-07-27,Infrastructure Development Bank Ltd.,210,202,189,190,17241
2015-07-23,Infrastructure Development Bank Ltd.,187,182,178,187,3696
2015-07-30,Infrastructure Development Bank Ltd.,190,186,183,186,18323
2015-07-28,Infrastructure Development Bank Ltd.,193,190,185,186,9193
2015-07-29,Infrastructure Development Bank Ltd.,186,186,177,186,4173
2015-08-02,Infrastructure Development Bank Ltd.,184,186,178,183,9380
2015-08-04,Infrastructure Development Bank Ltd.,209,196,193,209,99918
2015-08-03,Infrastructure Development Bank Ltd.,196,183,177,196,30661
2015-08-09,Infrastructure Development Bank Ltd.,194,190,179,181,6916
2015-08-05,Infrastructure Development Bank Ltd.,205,209,189,192,9974
2015-08-06,Infrastructure Development Bank Ltd.,193,192,188,190,3175
2015-08-10,Infrastructure Development Bank Ltd.,190,181,180,184,6144
2015-08-11,Infrastructure Development Bank Ltd.,188,184,179,183,7886
2015-08-17,Infrastructure Development Bank Ltd.,183,180,173,183,3204
2015-08-12,Infrastructure Development Bank Ltd.,187,183,174,176,9636
2015-08-13,Infrastructure Development Bank Ltd.,185,176,175,182,6931
2015-08-16,Infrastructure Development Bank Ltd.,180,182,173,180,9841
2015-08-18,Infrastructure Development Bank Ltd.,185,183,180,182,8460
2015-08-27,Infrastructure Development Bank Ltd.,217,221,200,202,12085
2015-08-23,Infrastructure Development Bank Ltd.,194,190,172,194,32768
2015-08-25,Infrastructure Development Bank Ltd.,221,213,213,217,266
2015-08-19,Infrastructure Development Bank Ltd.,185,182,175,181,13322
2015-08-20,Infrastructure Development Bank Ltd.,194,181,178,190,30673
2015-08-24,Infrastructure Development Bank Ltd.,213,194,197,213,15163
2015-08-26,Infrastructure Development Bank Ltd.,237,217,221,221,220
2015-09-02,Infrastructure Development Bank Ltd.,204,208,198,198,2941
2015-08-31,Infrastructure Development Bank Ltd.,214,202,206,210,3750
2015-09-01,Infrastructure Development Bank Ltd.,210,210,206,208,1275
2015-09-06,Infrastructure Development Bank Ltd.,200,201,200,200,1378
2015-09-03,Infrastructure Development Bank Ltd.,201,198,195,201,1078
2015-09-10,Infrastructure Development Bank Ltd.,198,198,197,198,2060
2015-09-07,Infrastructure Development Bank Ltd.,197,200,196,197,1136
2015-09-08,Infrastructure Development Bank Ltd.,200,197,200,200,100
2015-09-09,Infrastructure Development Bank Ltd.,199,200,197,198,2514
2015-09-13,Infrastructure Development Bank Ltd.,202,198,199,199,14400
2015-09-22,Infrastructure Development Bank Ltd.,229,229,216,216,4363
2015-09-15,Infrastructure Development Bank Ltd.,220,200,204,220,42208
2015-09-17,Infrastructure Development Bank Ltd.,233,225,220,229,12889
2015-09-23,Infrastructure Development Bank Ltd.,230,216,220,224,16049
2015-09-14,Infrastructure Development Bank Ltd.,205,199,200,200,61560
2015-09-16,Infrastructure Development Bank Ltd.,238,220,224,225,40273
2015-09-29,Infrastructure Development Bank Ltd.,222,224,218,222,4410
2015-09-24,Infrastructure Development Bank Ltd.,230,224,217,227,17006
2015-09-30,Infrastructure Development Bank Ltd.,227,222,221,227,861
2015-09-28,Infrastructure Development Bank Ltd.,224,227,220,224,3090
2015-10-01,Infrastructure Development Bank Ltd.,223,227,220,220,2031
2015-10-04,Infrastructure Development Bank Ltd.,221,220,217,221,3503
2015-10-05,Infrastructure Development Bank Ltd.,217,221,217,217,50
2015-10-07,Infrastructure Development Bank Ltd.,215,208,200,215,1970
2015-10-06,Infrastructure Development Bank Ltd.,213,217,208,208,3117
2015-10-14,Infrastructure Development Bank Ltd.,208,203,197,208,3605
2015-10-08,Infrastructure Development Bank Ltd.,213,215,200,212,5250
2015-10-11,Infrastructure Development Bank Ltd.,208,212,200,203,10841
2015-10-18,Infrastructure Development Bank Ltd.,210,207,204,210,4428
2015-10-28,Infrastructure Development Bank Ltd.,201,197,191,201,1914
2015-10-15,Infrastructure Development Bank Ltd.,207,208,196,207,2207
2015-10-29,Infrastructure Development Bank Ltd.,200,201,197,198,5510
2015-10-19,Infrastructure Development Bank Ltd.,209,210,209,209,520
2015-10-27,Infrastructure Development Bank Ltd.,205,209,197,197,850
2015-11-01,Infrastructure Development Bank Ltd.,198,198,196,196,540
2015-11-03,Infrastructure Development Bank Ltd.,194,195,185,190,7389
2015-11-02,Infrastructure Development Bank Ltd.,199,196,195,195,2306
2015-11-09,Infrastructure Development Bank Ltd.,201,189,192,201,6016
2015-11-08,Infrastructure Development Bank Ltd.,189,192,189,189,1000
2015-11-10,Infrastructure Development Bank Ltd.,210,201,202,208,21977
2015-11-04,Infrastructure Development Bank Ltd.,196,190,190,190,2453
2015-11-05,Infrastructure Development Bank Ltd.,192,190,189,192,576
2015-11-16,Infrastructure Development Bank Ltd.,216,212,207,214,18443
2015-11-15,Infrastructure Development Bank Ltd.,216,208,209,212,12954
2015-11-24,Infrastructure Development Bank Ltd.,202,199,197,197,6677
2015-11-18,Infrastructure Development Bank Ltd.,215,214,208,210,5055
2015-11-22,Infrastructure Development Bank Ltd.,203,207,203,203,237
2015-11-19,Infrastructure Development Bank Ltd.,209,210,202,207,3203
2015-11-23,Infrastructure Development Bank Ltd.,199,203,193,199,1395
2015-11-26,Infrastructure Development Bank Ltd.,197,195,194,196,5929
2015-11-25,Infrastructure Development Bank Ltd.,195,197,194,195,5816
