date,company,open,high,low,close,volume
2017-08-27,Mahuli Samudayik Laghubitta Bittiya Sanstha Ltd.,1626,0,1626,1626,10
2017-08-31,Mahuli Samudayik Laghubitta Bittiya Sanstha Ltd.,1658,1626,1658,1658,100
2017-10-08,Mahuli Samudayik Laghubitta Bittiya Sanstha Ltd.,1724,1658,1691,1724,110
2017-10-29,Mahuli Samudayik Laghubitta Bittiya Sanstha Ltd.,1758,1724,1758,1758,10
2017-11-05,Mahuli Samudayik Laghubitta Bittiya Sanstha Ltd.,1828,1758,1793,1828,30
2017-11-06,Mahuli Samudayik Laghubitta Bittiya Sanstha Ltd.,1977,1828,1864,1977,40
2017-11-19,Mahuli Samudayik Laghubitta Bittiya Sanstha Ltd.,1398,1371,1398,1398,10
2017-11-08,Mahuli Samudayik Laghubitta Bittiya Sanstha Ltd.,2056,1977,2016,2056,20
2017-12-06,Mahuli Samudayik Laghubitta Bittiya Sanstha Ltd.,1453,1398,1425,1453,20
2017-12-10,Mahuli Samudayik Laghubitta Bittiya Sanstha Ltd.,1511,1453,1482,1511,20
2017-12-11,Mahuli Samudayik Laghubitta Bittiya Sanstha Ltd.,1571,1511,1541,1571,20
2017-12-12,Mahuli Samudayik Laghubitta Bittiya Sanstha Ltd.,1634,1571,1602,1634,20
2017-12-13,Mahuli Samudayik Laghubitta Bittiya Sanstha Ltd.,1732,1634,1666,1732,30
2017-12-14,Mahuli Samudayik Laghubitta Bittiya Sanstha Ltd.,1801,1732,1766,1801,20
2017-12-26,Mahuli Samudayik Laghubitta Bittiya Sanstha Ltd.,2655,2414,2462,2655,60
2017-12-17,Mahuli Samudayik Laghubitta Bittiya Sanstha Ltd.,1910,1801,1837,1910,30
2017-12-18,Mahuli Samudayik Laghubitta Bittiya Sanstha Ltd.,2005,1910,2005,2005,10
2017-12-20,Mahuli Samudayik Laghubitta Bittiya Sanstha Ltd.,2085,2005,2045,2085,120
2017-12-21,Mahuli Samudayik Laghubitta Bittiya Sanstha Ltd.,2211,2085,2126,2211,35
2017-12-24,Mahuli Samudayik Laghubitta Bittiya Sanstha Ltd.,2414,2211,2321,2414,30
2017-12-27,Mahuli Samudayik Laghubitta Bittiya Sanstha Ltd.,2920,2655,2708,2920,170
2017-12-28,Mahuli Samudayik Laghubitta Bittiya Sanstha Ltd.,3212,2920,2978,3212,880
2017-12-31,Mahuli Samudayik Laghubitta Bittiya Sanstha Ltd.,3341,3212,3086,3150,5336
2018-01-01,Mahuli Samudayik Laghubitta Bittiya Sanstha Ltd.,3160,3150,3103,3150,2071
2018-01-10,Mahuli Samudayik Laghubitta Bittiya Sanstha Ltd.,2965,2990,2951,2951,270
2018-01-03,Mahuli Samudayik Laghubitta Bittiya Sanstha Ltd.,3098,3100,3002,3020,955
2018-01-07,Mahuli Samudayik Laghubitta Bittiya Sanstha Ltd.,3050,2982,2935,2985,360
2018-01-09,Mahuli Samudayik Laghubitta Bittiya Sanstha Ltd.,3004,3005,2971,2990,250
2018-01-01,Mahuli Samudayik Laghubitta Bittiya Sanstha Ltd.,3160,3150,3103,3150,2071
2018-01-02,Mahuli Samudayik Laghubitta Bittiya Sanstha Ltd.,3105,3150,3040,3100,1540
2018-01-04,Mahuli Samudayik Laghubitta Bittiya Sanstha Ltd.,3020,3020,2973,2982,520
2018-01-08,Mahuli Samudayik Laghubitta Bittiya Sanstha Ltd.,3044,2985,2998,3005,591
2018-01-25,Mahuli Samudayik Laghubitta Bittiya Sanstha Ltd.,2890,2836,2834,2885,190
2018-01-17,Mahuli Samudayik Laghubitta Bittiya Sanstha Ltd.,3000,3000,2930,2942,243
2018-01-21,Mahuli Samudayik Laghubitta Bittiya Sanstha Ltd.,2950,2942,2902,2905,260
2018-01-22,Mahuli Samudayik Laghubitta Bittiya Sanstha Ltd.,2905,2905,2875,2890,130
2018-01-24,Mahuli Samudayik Laghubitta Bittiya Sanstha Ltd.,2907,2851,2830,2836,270
2018-01-14,Mahuli Samudayik Laghubitta Bittiya Sanstha Ltd.,2980,2951,2852,2920,500
2018-01-16,Mahuli Samudayik Laghubitta Bittiya Sanstha Ltd.,3000,2920,2900,3000,370
2018-01-23,Mahuli Samudayik Laghubitta Bittiya Sanstha Ltd.,2899,2890,2845,2851,320
2018-01-29,Mahuli Samudayik Laghubitta Bittiya Sanstha Ltd.,2850,2843,2831,2849,120
2018-01-28,Mahuli Samudayik Laghubitta Bittiya Sanstha Ltd.,2860,2885,2837,2843,220
2018-02-11,Mahuli Samudayik Laghubitta Bittiya Sanstha Ltd.,2818,2841,2800,2817,50
2018-01-31,Mahuli Samudayik Laghubitta Bittiya Sanstha Ltd.,2870,2849,2850,2870,100
2018-02-01,Mahuli Samudayik Laghubitta Bittiya Sanstha Ltd.,2900,2870,2848,2848,50
2018-02-05,Mahuli Samudayik Laghubitta Bittiya Sanstha Ltd.,2875,2900,2850,2860,50
2018-02-06,Mahuli Samudayik Laghubitta Bittiya Sanstha Ltd.,2856,2860,2846,2856,50
2018-02-04,Mahuli Samudayik Laghubitta Bittiya Sanstha Ltd.,2940,2848,2865,2900,280
2018-02-07,Mahuli Samudayik Laghubitta Bittiya Sanstha Ltd.,2880,2856,2830,2830,299
2018-02-08,Mahuli Samudayik Laghubitta Bittiya Sanstha Ltd.,2886,2830,2811,2841,99
2018-02-14,Mahuli Samudayik Laghubitta Bittiya Sanstha Ltd.,2850,2821,2790,2850,170
2018-02-12,Mahuli Samudayik Laghubitta Bittiya Sanstha Ltd.,2830,2817,2820,2821,150
2018-02-18,Mahuli Samudayik Laghubitta Bittiya Sanstha Ltd.,3009,2954,2893,2895,120
2018-02-15,Mahuli Samudayik Laghubitta Bittiya Sanstha Ltd.,2954,2850,2815,2954,262
2018-02-21,Mahuli Samudayik Laghubitta Bittiya Sanstha Ltd.,2840,2847,2800,2800,90
2018-03-15,Mahuli Samudayik Laghubitta Bittiya Sanstha Ltd.,2455,2408,2400,2449,260
2018-02-22,Mahuli Samudayik Laghubitta Bittiya Sanstha Ltd.,2850,2800,2781,2850,280
2018-02-26,Mahuli Samudayik Laghubitta Bittiya Sanstha Ltd.,2740,2785,2731,2737,270
2018-02-28,Mahuli Samudayik Laghubitta Bittiya Sanstha Ltd.,2716,2770,2683,2705,130
2018-03-04,Mahuli Samudayik Laghubitta Bittiya Sanstha Ltd.,2653,2705,2499,2510,479
2018-03-05,Mahuli Samudayik Laghubitta Bittiya Sanstha Ltd.,2500,2510,2385,2387,650
2018-03-11,Mahuli Samudayik Laghubitta Bittiya Sanstha Ltd.,2480,2500,2431,2431,50
2018-03-12,Mahuli Samudayik Laghubitta Bittiya Sanstha Ltd.,2400,2431,2352,2352,380
2018-02-20,Mahuli Samudayik Laghubitta Bittiya Sanstha Ltd.,2952,2895,2847,2847,60
2018-02-25,Mahuli Samudayik Laghubitta Bittiya Sanstha Ltd.,2810,2850,2784,2785,230
2018-02-27,Mahuli Samudayik Laghubitta Bittiya Sanstha Ltd.,2770,2737,2730,2770,160
2018-03-06,Mahuli Samudayik Laghubitta Bittiya Sanstha Ltd.,2485,2387,2350,2485,160
2018-03-07,Mahuli Samudayik Laghubitta Bittiya Sanstha Ltd.,2524,2485,2436,2500,270
2018-03-18,Mahuli Samudayik Laghubitta Bittiya Sanstha Ltd.,2440,2449,2401,2405,80
2018-03-20,Mahuli Samudayik Laghubitta Bittiya Sanstha Ltd.,2361,2400,2355,2361,70
2018-03-19,Mahuli Samudayik Laghubitta Bittiya Sanstha Ltd.,2400,2405,2370,2400,190
2018-03-14,Mahuli Samudayik Laghubitta Bittiya Sanstha Ltd.,2408,2352,2361,2408,50
2018-03-26,Mahuli Samudayik Laghubitta Bittiya Sanstha Ltd.,2165,2209,1989,1989,220
2018-03-22,Mahuli Samudayik Laghubitta Bittiya Sanstha Ltd.,2346,2300,2209,2209,461
2018-03-21,Mahuli Samudayik Laghubitta Bittiya Sanstha Ltd.,2364,2361,2271,2300,210
2018-03-27,Mahuli Samudayik Laghubitta Bittiya Sanstha Ltd.,1989,1989,1873,1965,220
2018-03-28,Mahuli Samudayik Laghubitta Bittiya Sanstha Ltd.,2044,1965,1981,2000,190
2018-03-29,Mahuli Samudayik Laghubitta Bittiya Sanstha Ltd.,2091,2000,2009,2091,174
2018-04-01,Mahuli Samudayik Laghubitta Bittiya Sanstha Ltd.,2132,2091,2047,2047,50
2018-04-02,Mahuli Samudayik Laghubitta Bittiya Sanstha Ltd.,2025,2047,2007,2025,50
2018-04-03,Mahuli Samudayik Laghubitta Bittiya Sanstha Ltd.,2045,2025,2005,2005,60
2018-04-05,Mahuli Samudayik Laghubitta Bittiya Sanstha Ltd.,2120,2085,2085,2120,630
2018-04-08,Mahuli Samudayik Laghubitta Bittiya Sanstha Ltd.,2332,2120,2125,2332,895
2018-04-04,Mahuli Samudayik Laghubitta Bittiya Sanstha Ltd.,2085,2005,2003,2085,170
2018-04-10,Mahuli Samudayik Laghubitta Bittiya Sanstha Ltd.,2342,2389,2291,2300,300
2018-04-09,Mahuli Samudayik Laghubitta Bittiya Sanstha Ltd.,2420,2332,2350,2389,300
2018-04-15,Mahuli Samudayik Laghubitta Bittiya Sanstha Ltd.,2385,2401,2354,2385,40
2018-04-11,Mahuli Samudayik Laghubitta Bittiya Sanstha Ltd.,2346,2300,2340,2346,150
2018-04-12,Mahuli Samudayik Laghubitta Bittiya Sanstha Ltd.,2432,2346,2300,2401,350
2018-04-16,Mahuli Samudayik Laghubitta Bittiya Sanstha Ltd.,2517,2385,2418,2500,1010
2018-04-17,Mahuli Samudayik Laghubitta Bittiya Sanstha Ltd.,2650,2500,2550,2650,410
2018-04-18,Mahuli Samudayik Laghubitta Bittiya Sanstha Ltd.,2703,2650,2576,2576,592
2018-05-10,Mahuli Samudayik Laghubitta Bittiya Sanstha Ltd.,2760,2749,2700,2730,1605
2018-04-19,Mahuli Samudayik Laghubitta Bittiya Sanstha Ltd.,2700,2576,2620,2700,510
2018-04-22,Mahuli Samudayik Laghubitta Bittiya Sanstha Ltd.,2840,2700,2720,2840,801
2018-04-23,Mahuli Samudayik Laghubitta Bittiya Sanstha Ltd.,2896,2840,2839,2890,180
2018-04-24,Mahuli Samudayik Laghubitta Bittiya Sanstha Ltd.,2850,2890,2668,2840,1016
2018-04-25,Mahuli Samudayik Laghubitta Bittiya Sanstha Ltd.,2784,2840,2690,2700,626
2018-05-07,Mahuli Samudayik Laghubitta Bittiya Sanstha Ltd.,2899,2850,2681,2764,2331
2018-05-08,Mahuli Samudayik Laghubitta Bittiya Sanstha Ltd.,2792,2764,2660,2790,2275
2018-05-09,Mahuli Samudayik Laghubitta Bittiya Sanstha Ltd.,2820,2790,2681,2749,1115
2018-05-15,Mahuli Samudayik Laghubitta Bittiya Sanstha Ltd.,2700,2705,2688,2690,400
2018-05-16,Mahuli Samudayik Laghubitta Bittiya Sanstha Ltd.,2770,2690,2690,2770,320
2018-05-21,Mahuli Samudayik Laghubitta Bittiya Sanstha Ltd.,2815,2784,2740,2815,893
2018-05-22,Mahuli Samudayik Laghubitta Bittiya Sanstha Ltd.,2907,2815,2780,2900,1865
2018-05-24,Mahuli Samudayik Laghubitta Bittiya Sanstha Ltd.,2998,2940,2840,2852,1565
2018-05-27,Mahuli Samudayik Laghubitta Bittiya Sanstha Ltd.,2835,2852,2763,2763,550
2018-05-29,Mahuli Samudayik Laghubitta Bittiya Sanstha Ltd.,2917,2860,2840,2853,1381
2018-05-31,Mahuli Samudayik Laghubitta Bittiya Sanstha Ltd.,2889,2833,2841,2850,1876
2018-06-06,Mahuli Samudayik Laghubitta Bittiya Sanstha Ltd.,2810,2700,2754,2760,420
2018-06-10,Mahuli Samudayik Laghubitta Bittiya Sanstha Ltd.,2661,2705,2610,2625,540
2018-06-12,Mahuli Samudayik Laghubitta Bittiya Sanstha Ltd.,2750,2698,2631,2750,475
2018-06-13,Mahuli Samudayik Laghubitta Bittiya Sanstha Ltd.,2733,2750,2675,2733,615
2018-06-17,Mahuli Samudayik Laghubitta Bittiya Sanstha Ltd.,2750,2730,2665,2718,320
2018-06-24,Mahuli Samudayik Laghubitta Bittiya Sanstha Ltd.,2703,2680,2650,2680,280
2018-06-25,Mahuli Samudayik Laghubitta Bittiya Sanstha Ltd.,2680,2680,2627,2645,605
2018-06-26,Mahuli Samudayik Laghubitta Bittiya Sanstha Ltd.,2645,2645,2542,2620,280
2018-07-01,Mahuli Samudayik Laghubitta Bittiya Sanstha Ltd.,2550,2566,2545,2545,105
2018-07-02,Mahuli Samudayik Laghubitta Bittiya Sanstha Ltd.,2561,2545,2451,2561,190
2018-07-03,Mahuli Samudayik Laghubitta Bittiya Sanstha Ltd.,2577,2561,2540,2541,235
2018-07-05,Mahuli Samudayik Laghubitta Bittiya Sanstha Ltd.,2720,2600,2575,2680,690
2018-07-08,Mahuli Samudayik Laghubitta Bittiya Sanstha Ltd.,2732,2680,2649,2650,390
2018-07-09,Mahuli Samudayik Laghubitta Bittiya Sanstha Ltd.,2640,2650,2590,2595,295
2018-07-10,Mahuli Samudayik Laghubitta Bittiya Sanstha Ltd.,2639,2595,2587,2590,220
2018-07-11,Mahuli Samudayik Laghubitta Bittiya Sanstha Ltd.,2700,2590,2641,2700,510
2018-07-12,Mahuli Samudayik Laghubitta Bittiya Sanstha Ltd.,2754,2700,2600,2600,295
2018-07-15,Mahuli Samudayik Laghubitta Bittiya Sanstha Ltd.,2635,2600,2572,2595,185
2018-07-18,Mahuli Samudayik Laghubitta Bittiya Sanstha Ltd.,2630,2585,2550,2600,435
2018-07-22,Mahuli Samudayik Laghubitta Bittiya Sanstha Ltd.,2570,2599,2550,2550,246
2018-07-24,Mahuli Samudayik Laghubitta Bittiya Sanstha Ltd.,2650,2601,2600,2600,220
2018-07-25,Mahuli Samudayik Laghubitta Bittiya Sanstha Ltd.,2595,2600,2571,2595,65
2018-07-31,Mahuli Samudayik Laghubitta Bittiya Sanstha Ltd.,2590,2590,2580,2590,290
2018-08-05,Mahuli Samudayik Laghubitta Bittiya Sanstha Ltd.,2600,2595,2475,2499,3050
2018-08-08,Mahuli Samudayik Laghubitta Bittiya Sanstha Ltd.,2435,2452,2420,2430,598
2018-08-12,Mahuli Samudayik Laghubitta Bittiya Sanstha Ltd.,2350,2395,2286,2300,445
2018-08-13,Mahuli Samudayik Laghubitta Bittiya Sanstha Ltd.,2335,2300,2255,2335,220
2018-08-15,Mahuli Samudayik Laghubitta Bittiya Sanstha Ltd.,2445,2365,2365,2445,450
2018-08-16,Mahuli Samudayik Laghubitta Bittiya Sanstha Ltd.,2450,2445,2397,2409,795
2018-08-19,Mahuli Samudayik Laghubitta Bittiya Sanstha Ltd.,2400,2409,2328,2328,435
2018-08-21,Mahuli Samudayik Laghubitta Bittiya Sanstha Ltd.,2400,2386,2360,2367,750
2018-08-26,Mahuli Samudayik Laghubitta Bittiya Sanstha Ltd.,2390,2400,2352,2390,97
2018-08-28,Mahuli Samudayik Laghubitta Bittiya Sanstha Ltd.,2350,2390,2321,2330,70
2018-08-30,Mahuli Samudayik Laghubitta Bittiya Sanstha Ltd.,2360,2350,2335,2350,50
2018-09-06,Mahuli Samudayik Laghubitta Bittiya Sanstha Ltd.,2539,2490,2431,2495,385
2018-09-13,Mahuli Samudayik Laghubitta Bittiya Sanstha Ltd.,2483,2435,2450,2482,440
2018-09-16,Mahuli Samudayik Laghubitta Bittiya Sanstha Ltd.,2500,2482,2460,2470,70
2018-09-18,Mahuli Samudayik Laghubitta Bittiya Sanstha Ltd.,2427,2426,2380,2406,140
2018-09-20,Mahuli Samudayik Laghubitta Bittiya Sanstha Ltd.,2497,2406,2430,2430,100
2018-09-23,Mahuli Samudayik Laghubitta Bittiya Sanstha Ltd.,2405,2430,2400,2400,115
2018-09-25,Mahuli Samudayik Laghubitta Bittiya Sanstha Ltd.,2401,2400,2372,2401,90
2018-09-26,Mahuli Samudayik Laghubitta Bittiya Sanstha Ltd.,2425,2401,2385,2385,435
2018-09-30,Mahuli Samudayik Laghubitta Bittiya Sanstha Ltd.,2457,2410,2365,2365,410
2018-10-01,Mahuli Samudayik Laghubitta Bittiya Sanstha Ltd.,2460,2365,2353,2353,775
2018-10-03,Mahuli Samudayik Laghubitta Bittiya Sanstha Ltd.,2411,2460,2365,2365,155
2018-10-07,Mahuli Samudayik Laghubitta Bittiya Sanstha Ltd.,2340,2365,2300,2310,160
2018-10-08,Mahuli Samudayik Laghubitta Bittiya Sanstha Ltd.,2361,2310,2270,2361,100
2018-10-23,Mahuli Samudayik Laghubitta Bittiya Sanstha Ltd.,2395,2420,2372,2372,194
2018-10-28,Mahuli Samudayik Laghubitta Bittiya Sanstha Ltd.,2330,2372,2330,2330,40
2018-10-29,Mahuli Samudayik Laghubitta Bittiya Sanstha Ltd.,0,2330,0,0,30
2018-10-31,Mahuli Samudayik Laghubitta Bittiya Sanstha Ltd.,2257,2300,2256,2257,45
2018-11-04,Mahuli Samudayik Laghubitta Bittiya Sanstha Ltd.,0,2257,0,0,5
2018-11-12,Mahuli Samudayik Laghubitta Bittiya Sanstha Ltd.,2392,2392,2310,2320,110
2018-11-14,Mahuli Samudayik Laghubitta Bittiya Sanstha Ltd.,2283,1555.53,1490,1490,96
2018-11-15,Mahuli Samudayik Laghubitta Bittiya Sanstha Ltd.,1549,1490,1451,1451,290
2018-11-18,Mahuli Samudayik Laghubitta Bittiya Sanstha Ltd.,1451,1451,1385,1385,100
2018-11-19,Mahuli Samudayik Laghubitta Bittiya Sanstha Ltd.,1385,1385,1385,1365,5
2018-11-22,Mahuli Samudayik Laghubitta Bittiya Sanstha Ltd.,1374,1348,1348,1326,110
2018-11-25,Mahuli Samudayik Laghubitta Bittiya Sanstha Ltd.,1326,1326,1326,1326,5
2018-11-26,Mahuli Samudayik Laghubitta Bittiya Sanstha Ltd.,1326,1326,1275,1275,355
2018-11-28,Mahuli Samudayik Laghubitta Bittiya Sanstha Ltd.,1275,1255,1250,1256,125
2018-12-05,Mahuli Samudayik Laghubitta Bittiya Sanstha Ltd.,1260,1260,1180,1203,195
2018-12-06,Mahuli Samudayik Laghubitta Bittiya Sanstha Ltd.,1203,1203,1170,1199,423
2018-12-10,Mahuli Samudayik Laghubitta Bittiya Sanstha Ltd.,1251,1180,1180,1216,285
2018-12-11,Mahuli Samudayik Laghubitta Bittiya Sanstha Ltd.,1216,1216,1211,1211,15
2018-12-12,Mahuli Samudayik Laghubitta Bittiya Sanstha Ltd.,1249,1211,1211,1249,28
2018-12-16,Mahuli Samudayik Laghubitta Bittiya Sanstha Ltd.,1331,1245,1245,1315,515
2018-12-17,Mahuli Samudayik Laghubitta Bittiya Sanstha Ltd.,1420,1315,1289,1420,100
2018-12-19,Mahuli Samudayik Laghubitta Bittiya Sanstha Ltd.,1340,1340,1314,1315,215
2018-12-24,Mahuli Samudayik Laghubitta Bittiya Sanstha Ltd.,1439,1405,1386,1430,273
2018-12-26,Mahuli Samudayik Laghubitta Bittiya Sanstha Ltd.,1479,1425,1425,1450,707
2018-12-30,Mahuli Samudayik Laghubitta Bittiya Sanstha Ltd.,1558,1450,1450,1540,1253
2018-04-26,Mahuli Samudayik Laghubitta Bittiya Sanstha Ltd.,2754,2700,2609,2609,780
2018-04-29,Mahuli Samudayik Laghubitta Bittiya Sanstha Ltd.,2700,2609,2598,2684,495
2018-05-02,Mahuli Samudayik Laghubitta Bittiya Sanstha Ltd.,2735,2684,2632,2735,480
2018-05-03,Mahuli Samudayik Laghubitta Bittiya Sanstha Ltd.,2749,2735,2700,2745,315
2018-05-06,Mahuli Samudayik Laghubitta Bittiya Sanstha Ltd.,2850,2745,2691,2850,220
2018-05-14,Mahuli Samudayik Laghubitta Bittiya Sanstha Ltd.,2729,2730,2679,2705,2285
2018-05-17,Mahuli Samudayik Laghubitta Bittiya Sanstha Ltd.,2730,2770,2685,2700,449
2018-05-20,Mahuli Samudayik Laghubitta Bittiya Sanstha Ltd.,2800,2700,2739,2784,1270
2018-05-23,Mahuli Samudayik Laghubitta Bittiya Sanstha Ltd.,3000,2900,2845,2940,1368
2018-05-28,Mahuli Samudayik Laghubitta Bittiya Sanstha Ltd.,2896,2763,2801,2860,2110
2018-05-30,Mahuli Samudayik Laghubitta Bittiya Sanstha Ltd.,2949,2853,2833,2833,1010
2018-06-03,Mahuli Samudayik Laghubitta Bittiya Sanstha Ltd.,2870,2850,2756,2780,1758
2018-06-04,Mahuli Samudayik Laghubitta Bittiya Sanstha Ltd.,2800,2780,2660,2700,1110
2018-06-07,Mahuli Samudayik Laghubitta Bittiya Sanstha Ltd.,2741,2760,2690,2705,640
2018-06-11,Mahuli Samudayik Laghubitta Bittiya Sanstha Ltd.,2705,2625,2590,2698,830
2018-06-14,Mahuli Samudayik Laghubitta Bittiya Sanstha Ltd.,2767,2733,2679,2730,540
2018-06-18,Mahuli Samudayik Laghubitta Bittiya Sanstha Ltd.,2770,2718,2680,2750,1200
2018-06-19,Mahuli Samudayik Laghubitta Bittiya Sanstha Ltd.,2760,2750,2700,2720,725
2018-06-20,Mahuli Samudayik Laghubitta Bittiya Sanstha Ltd.,2715,2720,2682,2715,225
2018-06-21,Mahuli Samudayik Laghubitta Bittiya Sanstha Ltd.,2725,2715,2680,2680,250
2018-06-27,Mahuli Samudayik Laghubitta Bittiya Sanstha Ltd.,2615,2620,2580,2585,655
2018-06-28,Mahuli Samudayik Laghubitta Bittiya Sanstha Ltd.,2610,2585,2562,2566,380
2018-07-04,Mahuli Samudayik Laghubitta Bittiya Sanstha Ltd.,2616,2541,2523,2600,425
2018-07-16,Mahuli Samudayik Laghubitta Bittiya Sanstha Ltd.,2611,2595,2595,2610,225
2018-07-17,Mahuli Samudayik Laghubitta Bittiya Sanstha Ltd.,2585,2610,2529,2585,495
2018-07-19,Mahuli Samudayik Laghubitta Bittiya Sanstha Ltd.,2599,2600,2570,2599,135
2018-07-23,Mahuli Samudayik Laghubitta Bittiya Sanstha Ltd.,2601,2550,2515,2601,175
2018-07-26,Mahuli Samudayik Laghubitta Bittiya Sanstha Ltd.,2562,2595,2550,2550,194
2018-07-29,Mahuli Samudayik Laghubitta Bittiya Sanstha Ltd.,2600,2550,2551,2600,40
2018-07-30,Mahuli Samudayik Laghubitta Bittiya Sanstha Ltd.,2621,2600,2570,2590,490
2018-08-01,Mahuli Samudayik Laghubitta Bittiya Sanstha Ltd.,2620,2590,2590,2595,350
2018-08-02,Mahuli Samudayik Laghubitta Bittiya Sanstha Ltd.,2620,2595,2592,2595,215
2018-08-06,Mahuli Samudayik Laghubitta Bittiya Sanstha Ltd.,2483,2499,2465,2472,487
2018-08-07,Mahuli Samudayik Laghubitta Bittiya Sanstha Ltd.,2475,2472,2452,2452,862
2018-08-09,Mahuli Samudayik Laghubitta Bittiya Sanstha Ltd.,2420,2430,2395,2395,430
2018-08-14,Mahuli Samudayik Laghubitta Bittiya Sanstha Ltd.,2365,2335,2300,2365,195
2018-08-20,Mahuli Samudayik Laghubitta Bittiya Sanstha Ltd.,2386,2328,2315,2386,390
2018-08-22,Mahuli Samudayik Laghubitta Bittiya Sanstha Ltd.,2400,2367,2370,2370,254
2018-08-23,Mahuli Samudayik Laghubitta Bittiya Sanstha Ltd.,2400,2370,2350,2400,210
2018-08-29,Mahuli Samudayik Laghubitta Bittiya Sanstha Ltd.,2350,2330,2321,2350,170
2018-09-02,Mahuli Samudayik Laghubitta Bittiya Sanstha Ltd.,2365,2350,2326,2365,210
2018-09-03,Mahuli Samudayik Laghubitta Bittiya Sanstha Ltd.,2410,2365,2362,2362,315
2018-09-05,Mahuli Samudayik Laghubitta Bittiya Sanstha Ltd.,2490,2362,2400,2490,170
2018-09-09,Mahuli Samudayik Laghubitta Bittiya Sanstha Ltd.,2485,2495,2435,2435,70
2018-09-10,Mahuli Samudayik Laghubitta Bittiya Sanstha Ltd.,2401,2435,2371,2375,160
2018-09-11,Mahuli Samudayik Laghubitta Bittiya Sanstha Ltd.,2420,2375,2400,2420,815
2018-09-12,Mahuli Samudayik Laghubitta Bittiya Sanstha Ltd.,2435,2420,2406,2435,75
2018-09-17,Mahuli Samudayik Laghubitta Bittiya Sanstha Ltd.,2430,2470,2425,2426,105
2018-09-27,Mahuli Samudayik Laghubitta Bittiya Sanstha Ltd.,2420,2385,2375,2410,701
2018-10-02,Mahuli Samudayik Laghubitta Bittiya Sanstha Ltd.,2470,2353,2315,2460,105
2018-10-04,Mahuli Samudayik Laghubitta Bittiya Sanstha Ltd.,2365,2365,2360,2365,100
2018-10-09,Mahuli Samudayik Laghubitta Bittiya Sanstha Ltd.,2355,2361,2333,2333,253
2018-10-10,Mahuli Samudayik Laghubitta Bittiya Sanstha Ltd.,2360,2333,2300,2360,316
2018-10-11,Mahuli Samudayik Laghubitta Bittiya Sanstha Ltd.,2407,2360,2360,2407,95
2018-10-14,Mahuli Samudayik Laghubitta Bittiya Sanstha Ltd.,2420,2407,2360,2420,185
2018-10-25,Mahuli Samudayik Laghubitta Bittiya Sanstha Ltd.,2372,2372,2372,2372,15
2018-10-30,Mahuli Samudayik Laghubitta Bittiya Sanstha Ltd.,2310,2330,2300,2300,110
2018-11-05,Mahuli Samudayik Laghubitta Bittiya Sanstha Ltd.,2319,2257,2230,2319,30
2018-11-11,Mahuli Samudayik Laghubitta Bittiya Sanstha Ltd.,2392,2319,2280,2392,95
2018-11-13,Mahuli Samudayik Laghubitta Bittiya Sanstha Ltd.,2320,2320,2276,2283,358
2018-11-20,Mahuli Samudayik Laghubitta Bittiya Sanstha Ltd.,1374,1365,1365,1374,30
2018-11-21,Mahuli Samudayik Laghubitta Bittiya Sanstha Ltd.,1374,1374,1348,1348,15
2018-11-27,Mahuli Samudayik Laghubitta Bittiya Sanstha Ltd.,1275,1275,1255,1255,370
2018-11-29,Mahuli Samudayik Laghubitta Bittiya Sanstha Ltd.,1256,1256,1255,1255,15
2018-12-02,Mahuli Samudayik Laghubitta Bittiya Sanstha Ltd.,1255,1255,1225,1250,195
2018-12-03,Mahuli Samudayik Laghubitta Bittiya Sanstha Ltd.,1300,1250,1250,1260,265
2018-12-09,Mahuli Samudayik Laghubitta Bittiya Sanstha Ltd.,1199,1199,1176,1180,455
2018-12-13,Mahuli Samudayik Laghubitta Bittiya Sanstha Ltd.,1260,1249,1220,1245,370
2018-12-18,Mahuli Samudayik Laghubitta Bittiya Sanstha Ltd.,1420,1420,1340,1340,130
2018-12-20,Mahuli Samudayik Laghubitta Bittiya Sanstha Ltd.,1335,1315,1302,1325,365
2018-12-23,Mahuli Samudayik Laghubitta Bittiya Sanstha Ltd.,1405,1325,1325,1405,118
2018-12-25,Mahuli Samudayik Laghubitta Bittiya Sanstha Ltd.,1435,1430,1425,1425,50
2018-12-27,Mahuli Samudayik Laghubitta Bittiya Sanstha Ltd.,1510,1450,1422,1450,1311
2018-12-31,Mahuli Samudayik Laghubitta Bittiya Sanstha Ltd.,1283.33,1283.33,1234,1250,515
2019-01-01,Mahuli Samudayik Laghubitta Bittiya Sanstha Ltd.,1300,1250,1250,1270,195
2019-01-01,Mahuli Samudayik Laghubitta Bittiya Sanstha Ltd.,1300,1250,1250,1270,195
2019-01-06,Mahuli Samudayik Laghubitta Bittiya Sanstha Ltd.,1290,1270,1265,1265,165
2019-01-17,Mahuli Samudayik Laghubitta Bittiya Sanstha Ltd.,1426,1399,1399,1410,37
2019-01-22,Mahuli Samudayik Laghubitta Bittiya Sanstha Ltd.,1409,1402,1355,1355,80
2019-01-24,Mahuli Samudayik Laghubitta Bittiya Sanstha Ltd.,1356,1340,1325,1356,55
2019-01-29,Mahuli Samudayik Laghubitta Bittiya Sanstha Ltd.,1500,1433,1433,1479,580
2019-01-31,Mahuli Samudayik Laghubitta Bittiya Sanstha Ltd.,1578,1519,1496,1525,1210
2019-02-04,Mahuli Samudayik Laghubitta Bittiya Sanstha Ltd.,1510,1510,1490,1490,35
2019-02-05,Mahuli Samudayik Laghubitta Bittiya Sanstha Ltd.,1500,1490,1490,1500,15
2019-02-07,Mahuli Samudayik Laghubitta Bittiya Sanstha Ltd.,1455,1455,1401,1401,30
2019-02-11,Mahuli Samudayik Laghubitta Bittiya Sanstha Ltd.,1400,1376,1376,1400,380
2019-02-12,Mahuli Samudayik Laghubitta Bittiya Sanstha Ltd.,1400,1400,1374,1374,35
2019-02-14,Mahuli Samudayik Laghubitta Bittiya Sanstha Ltd.,1375,1374,1374,1375,15
2019-02-18,Mahuli Samudayik Laghubitta Bittiya Sanstha Ltd.,1360,1360,1324,1324,85
2019-02-20,Mahuli Samudayik Laghubitta Bittiya Sanstha Ltd.,1428,1380,1360,1375,130
2019-02-21,Mahuli Samudayik Laghubitta Bittiya Sanstha Ltd.,1375,1375,1351,1351,20
2019-03-03,Mahuli Samudayik Laghubitta Bittiya Sanstha Ltd.,1352,1352,1325,1327,45
2019-03-07,Mahuli Samudayik Laghubitta Bittiya Sanstha Ltd.,1363,1261,1261,1363,106
2019-03-10,Mahuli Samudayik Laghubitta Bittiya Sanstha Ltd.,1363,1363,1340,1340,15
2019-03-12,Mahuli Samudayik Laghubitta Bittiya Sanstha Ltd.,1366,1365,1365,1366,40
2019-03-17,Mahuli Samudayik Laghubitta Bittiya Sanstha Ltd.,1340,1342,1330,1330,45
2019-03-21,Mahuli Samudayik Laghubitta Bittiya Sanstha Ltd.,1290,1300,1271,1290,275
2019-03-24,Mahuli Samudayik Laghubitta Bittiya Sanstha Ltd.,1270,1290,1265,1270,50
2019-03-25,Mahuli Samudayik Laghubitta Bittiya Sanstha Ltd.,1280,1270,1253,1280,100
2019-03-28,Mahuli Samudayik Laghubitta Bittiya Sanstha Ltd.,1285,1285,1269,1269,135
2019-04-01,Mahuli Samudayik Laghubitta Bittiya Sanstha Ltd.,1252,1252,1237,1237,255
2019-04-03,Mahuli Samudayik Laghubitta Bittiya Sanstha Ltd.,1226,1211,1211,1226,60
2019-04-07,Mahuli Samudayik Laghubitta Bittiya Sanstha Ltd.,1231,1231,1221,1225,165
2019-04-10,Mahuli Samudayik Laghubitta Bittiya Sanstha Ltd.,1225,1248,1210,1210,30
2019-04-17,Mahuli Samudayik Laghubitta Bittiya Sanstha Ltd.,1264,1240,1219,1227,765
2019-04-21,Mahuli Samudayik Laghubitta Bittiya Sanstha Ltd.,1232,1235,1225,1225,584
2019-04-23,Mahuli Samudayik Laghubitta Bittiya Sanstha Ltd.,1230,1230,1230,1230,41
2019-04-25,Mahuli Samudayik Laghubitta Bittiya Sanstha Ltd.,1237,1230,1220,1220,584
2019-04-29,Mahuli Samudayik Laghubitta Bittiya Sanstha Ltd.,1270,1255,1254,1254,786
2019-05-02,Mahuli Samudayik Laghubitta Bittiya Sanstha Ltd.,1207,1230,1206,1206,20
2019-05-06,Mahuli Samudayik Laghubitta Bittiya Sanstha Ltd.,1193,1159,1160,1193,139
2019-05-07,Mahuli Samudayik Laghubitta Bittiya Sanstha Ltd.,1239,1193,1216,1239,38
2019-05-08,Mahuli Samudayik Laghubitta Bittiya Sanstha Ltd.,1216,1239,1194,1200,272
2019-01-02,Mahuli Samudayik Laghubitta Bittiya Sanstha Ltd.,1270,1270,1251,1251,195
2019-01-03,Mahuli Samudayik Laghubitta Bittiya Sanstha Ltd.,1276,1251,1251,1270,108
2019-01-07,Mahuli Samudayik Laghubitta Bittiya Sanstha Ltd.,1265,1265,1265,1265,71
2019-01-09,Mahuli Samudayik Laghubitta Bittiya Sanstha Ltd.,1285,1265,1265,1285,25
2019-01-10,Mahuli Samudayik Laghubitta Bittiya Sanstha Ltd.,1310,1285,1285,1310,110
2019-01-16,Mahuli Samudayik Laghubitta Bittiya Sanstha Ltd.,1399,1310,1310,1399,578
2019-01-20,Mahuli Samudayik Laghubitta Bittiya Sanstha Ltd.,1430,1410,1410,1430,10
2019-01-21,Mahuli Samudayik Laghubitta Bittiya Sanstha Ltd.,1430,1430,1402,1402,50
2019-01-23,Mahuli Samudayik Laghubitta Bittiya Sanstha Ltd.,1355,1355,1328,1340,60
2019-01-27,Mahuli Samudayik Laghubitta Bittiya Sanstha Ltd.,1356,1356,1330,1330,15
2019-01-28,Mahuli Samudayik Laghubitta Bittiya Sanstha Ltd.,1433,1330,1330,1433,853
2019-01-30,Mahuli Samudayik Laghubitta Bittiya Sanstha Ltd.,1519,1479,1461,1519,760
2019-02-03,Mahuli Samudayik Laghubitta Bittiya Sanstha Ltd.,1525,1525,1501,1510,219
2019-02-06,Mahuli Samudayik Laghubitta Bittiya Sanstha Ltd.,1500,1500,1450,1455,165
2019-02-10,Mahuli Samudayik Laghubitta Bittiya Sanstha Ltd.,1401,1401,1375,1376,70
2019-02-13,Mahuli Samudayik Laghubitta Bittiya Sanstha Ltd.,1374,1374,1374,1374,10
2019-02-17,Mahuli Samudayik Laghubitta Bittiya Sanstha Ltd.,1385,1375,1360,1360,75
2019-02-19,Mahuli Samudayik Laghubitta Bittiya Sanstha Ltd.,1404,1324,1324,1380,360
2019-02-24,Mahuli Samudayik Laghubitta Bittiya Sanstha Ltd.,1370,1351,1330,1370,180
2019-02-25,Mahuli Samudayik Laghubitta Bittiya Sanstha Ltd.,1370,1370,1355,1355,15
2019-02-26,Mahuli Samudayik Laghubitta Bittiya Sanstha Ltd.,1355,1355,1329,1330,75
2019-02-27,Mahuli Samudayik Laghubitta Bittiya Sanstha Ltd.,1352,1330,1330,1352,175
2019-03-05,Mahuli Samudayik Laghubitta Bittiya Sanstha Ltd.,1336,1327,1271,1271,980
2019-03-06,Mahuli Samudayik Laghubitta Bittiya Sanstha Ltd.,1271,1271,1261,1261,35
2019-03-11,Mahuli Samudayik Laghubitta Bittiya Sanstha Ltd.,1366,1340,1330,1365,57
2019-03-13,Mahuli Samudayik Laghubitta Bittiya Sanstha Ltd.,1366,1366,1341,1342,65
2019-03-18,Mahuli Samudayik Laghubitta Bittiya Sanstha Ltd.,1320,1330,1315,1315,60
2019-03-19,Mahuli Samudayik Laghubitta Bittiya Sanstha Ltd.,1300,1315,1300,1300,80
2019-03-26,Mahuli Samudayik Laghubitta Bittiya Sanstha Ltd.,1285,1280,1280,1285,70
2019-03-27,Mahuli Samudayik Laghubitta Bittiya Sanstha Ltd.,1285,1285,1285,1285,15
2019-03-31,Mahuli Samudayik Laghubitta Bittiya Sanstha Ltd.,1255,1269,1252,1252,50
2019-04-02,Mahuli Samudayik Laghubitta Bittiya Sanstha Ltd.,1235,1237,1214,1211,110
2019-04-04,Mahuli Samudayik Laghubitta Bittiya Sanstha Ltd.,1231,1226,1226,1231,50
2019-04-08,Mahuli Samudayik Laghubitta Bittiya Sanstha Ltd.,1248,1225,1215,1248,279
2019-04-11,Mahuli Samudayik Laghubitta Bittiya Sanstha Ltd.,1230,1210,1230,1230,45
2019-04-16,Mahuli Samudayik Laghubitta Bittiya Sanstha Ltd.,1240,1230,1216,1240,85
2019-04-18,Mahuli Samudayik Laghubitta Bittiya Sanstha Ltd.,1270,1227,1206,1235,791
2019-04-22,Mahuli Samudayik Laghubitta Bittiya Sanstha Ltd.,1231,1225,1202,1230,704
2019-04-28,Mahuli Samudayik Laghubitta Bittiya Sanstha Ltd.,1255,1220,1230,1255,351
2019-04-30,Mahuli Samudayik Laghubitta Bittiya Sanstha Ltd.,1255,1254,1230,1230,205
2019-05-05,Mahuli Samudayik Laghubitta Bittiya Sanstha Ltd.,1182,1206,1159,1159,20
2019-05-14,Mahuli Samudayik Laghubitta Bittiya Sanstha Ltd.,1188,1187,1164,1170,101
2019-05-09,Mahuli Samudayik Laghubitta Bittiya Sanstha Ltd.,1215,1200,1185,1185,183
2019-05-12,Mahuli Samudayik Laghubitta Bittiya Sanstha Ltd.,1176,1185,1165,1165,630
2019-05-13,Mahuli Samudayik Laghubitta Bittiya Sanstha Ltd.,1188,1165,1171,1187,194
2019-05-15,Mahuli Samudayik Laghubitta Bittiya Sanstha Ltd.,1165,1170,1148,1148,328
2019-05-16,Mahuli Samudayik Laghubitta Bittiya Sanstha Ltd.,1130,1148,1125,1125,141
2019-05-20,Mahuli Samudayik Laghubitta Bittiya Sanstha Ltd.,1150,1135,1101,1123,286
2019-05-19,Mahuli Samudayik Laghubitta Bittiya Sanstha Ltd.,1152,1125,1130,1135,94
2019-06-02,Mahuli Samudayik Laghubitta Bittiya Sanstha Ltd.,1034,1055,1019,1019,59
2019-05-22,Mahuli Samudayik Laghubitta Bittiya Sanstha Ltd.,1117,1115,1100,1100,301
2019-05-28,Mahuli Samudayik Laghubitta Bittiya Sanstha Ltd.,1042,1025,1021,1040,98
2019-05-30,Mahuli Samudayik Laghubitta Bittiya Sanstha Ltd.,1076,1035,1050,1055,212
2019-05-21,Mahuli Samudayik Laghubitta Bittiya Sanstha Ltd.,1125,1123,1103,1115,138
2019-05-23,Mahuli Samudayik Laghubitta Bittiya Sanstha Ltd.,1082,1100,1058,1058,237
2019-05-26,Mahuli Samudayik Laghubitta Bittiya Sanstha Ltd.,1081,1058,1058,1060,436
2019-05-27,Mahuli Samudayik Laghubitta Bittiya Sanstha Ltd.,1056,1060,1025,1025,224
2019-05-29,Mahuli Samudayik Laghubitta Bittiya Sanstha Ltd.,1050,1040,1030,1035,649
2019-06-03,Mahuli Samudayik Laghubitta Bittiya Sanstha Ltd.,1017,1019,999,999,226
2019-06-10,Mahuli Samudayik Laghubitta Bittiya Sanstha Ltd.,945,943,895,915,687
2019-06-11,Mahuli Samudayik Laghubitta Bittiya Sanstha Ltd.,920,915,886,900,1190
2019-06-04,Mahuli Samudayik Laghubitta Bittiya Sanstha Ltd.,1000,999,988,988,248
2019-06-06,Mahuli Samudayik Laghubitta Bittiya Sanstha Ltd.,970,988,942,943,791
2019-06-12,Mahuli Samudayik Laghubitta Bittiya Sanstha Ltd.,900,900,893,900,373
2019-06-16,Mahuli Samudayik Laghubitta Bittiya Sanstha Ltd.,900,900,852,855,569
2019-06-13,Mahuli Samudayik Laghubitta Bittiya Sanstha Ltd.,900,900,870,900,2010
2019-06-19,Mahuli Samudayik Laghubitta Bittiya Sanstha Ltd.,882,865,866,867,242
2019-06-17,Mahuli Samudayik Laghubitta Bittiya Sanstha Ltd.,860,855,835,850,282
2019-06-18,Mahuli Samudayik Laghubitta Bittiya Sanstha Ltd.,865,850,820,865,110
2019-06-24,Mahuli Samudayik Laghubitta Bittiya Sanstha Ltd.,899,883,890,899,33
2019-06-20,Mahuli Samudayik Laghubitta Bittiya Sanstha Ltd.,917,867,884,917,30
2019-06-25,Mahuli Samudayik Laghubitta Bittiya Sanstha Ltd.,940,899,894,895,111
2019-06-23,Mahuli Samudayik Laghubitta Bittiya Sanstha Ltd.,900,917,882,883,443
2019-06-26,Mahuli Samudayik Laghubitta Bittiya Sanstha Ltd.,916,895,900,916,170
2019-06-27,Mahuli Samudayik Laghubitta Bittiya Sanstha Ltd.,920,916,901,915,199
2019-06-30,Mahuli Samudayik Laghubitta Bittiya Sanstha Ltd.,915,915,897,899,64
2019-07-01,Mahuli Samudayik Laghubitta Bittiya Sanstha Ltd.,900,899,883,900,371
2019-07-03,Mahuli Samudayik Laghubitta Bittiya Sanstha Ltd.,915,885,900,915,361
2019-07-02,Mahuli Samudayik Laghubitta Bittiya Sanstha Ltd.,885,900,882,885,93
2019-07-04,Mahuli Samudayik Laghubitta Bittiya Sanstha Ltd.,973,915,902,902,217
2019-07-28,Mahuli Samudayik Laghubitta Bittiya Sanstha Ltd.,951,970,950,950,92
2019-07-07,Mahuli Samudayik Laghubitta Bittiya Sanstha Ltd.,885,902,868,885,144
2019-07-08,Mahuli Samudayik Laghubitta Bittiya Sanstha Ltd.,885,885,872,885,195
2019-07-09,Mahuli Samudayik Laghubitta Bittiya Sanstha Ltd.,885,885,873,878,576
2019-07-10,Mahuli Samudayik Laghubitta Bittiya Sanstha Ltd.,879,878,878,878,160
2019-07-11,Mahuli Samudayik Laghubitta Bittiya Sanstha Ltd.,895,878,861,879,136
2019-07-16,Mahuli Samudayik Laghubitta Bittiya Sanstha Ltd.,975,958,947,947,172
2019-07-14,Mahuli Samudayik Laghubitta Bittiya Sanstha Ltd.,966,879,875,966,1055
2019-07-15,Mahuli Samudayik Laghubitta Bittiya Sanstha Ltd.,966,966,930,958,1631
2019-07-17,Mahuli Samudayik Laghubitta Bittiya Sanstha Ltd.,955,947,941,952,107
2019-07-18,Mahuli Samudayik Laghubitta Bittiya Sanstha Ltd.,999,952,952,999,94
2019-07-21,Mahuli Samudayik Laghubitta Bittiya Sanstha Ltd.,1058,999,942,1030,244
2019-07-22,Mahuli Samudayik Laghubitta Bittiya Sanstha Ltd.,1010,1030,971,971,440
2019-07-23,Mahuli Samudayik Laghubitta Bittiya Sanstha Ltd.,1009,971,980,980,231
2019-07-24,Mahuli Samudayik Laghubitta Bittiya Sanstha Ltd.,980,980,951,970,461
2019-07-25,Mahuli Samudayik Laghubitta Bittiya Sanstha Ltd.,970,970,951,970,119
2019-07-30,Mahuli Samudayik Laghubitta Bittiya Sanstha Ltd.,1007,969,988,1007,287
2019-07-29,Mahuli Samudayik Laghubitta Bittiya Sanstha Ltd.,969,950,931,969,193
2019-08-04,Mahuli Samudayik Laghubitta Bittiya Sanstha Ltd.,1015,1001,990,990,138
2019-07-31,Mahuli Samudayik Laghubitta Bittiya Sanstha Ltd.,1047,1007,988,1007,150
2019-08-01,Mahuli Samudayik Laghubitta Bittiya Sanstha Ltd.,1054,1007,1000,1001,1838
2019-08-05,Mahuli Samudayik Laghubitta Bittiya Sanstha Ltd.,976,990,972,972,330
2019-08-14,Mahuli Samudayik Laghubitta Bittiya Sanstha Ltd.,965,959,945,965,505
2019-08-06,Mahuli Samudayik Laghubitta Bittiya Sanstha Ltd.,958,972,940,958,108
2019-08-08,Mahuli Samudayik Laghubitta Bittiya Sanstha Ltd.,961,979,960,960,180
2019-08-07,Mahuli Samudayik Laghubitta Bittiya Sanstha Ltd.,979,958,959,979,147
2019-08-11,Mahuli Samudayik Laghubitta Bittiya Sanstha Ltd.,960,960,946,947,74
2019-08-12,Mahuli Samudayik Laghubitta Bittiya Sanstha Ltd.,947,947,944,945,141
2019-08-13,Mahuli Samudayik Laghubitta Bittiya Sanstha Ltd.,959,945,932,959,120
2019-08-18,Mahuli Samudayik Laghubitta Bittiya Sanstha Ltd.,955,965,955,955,52
2019-08-15,Mahuli Samudayik Laghubitta Bittiya Sanstha Ltd.,965,965,964,965,106
2019-08-19,Mahuli Samudayik Laghubitta Bittiya Sanstha Ltd.,961,955,940,960,199
2019-08-25,Mahuli Samudayik Laghubitta Bittiya Sanstha Ltd.,981,981,960,960,146
2019-08-20,Mahuli Samudayik Laghubitta Bittiya Sanstha Ltd.,958,960,944,958,78
2019-08-21,Mahuli Samudayik Laghubitta Bittiya Sanstha Ltd.,984,958,962,974,380
2019-08-22,Mahuli Samudayik Laghubitta Bittiya Sanstha Ltd.,981,974,974,981,170
2019-08-26,Mahuli Samudayik Laghubitta Bittiya Sanstha Ltd.,949,960,945,947,90
2019-08-27,Mahuli Samudayik Laghubitta Bittiya Sanstha Ltd.,984,947,955,984,161
2019-08-28,Mahuli Samudayik Laghubitta Bittiya Sanstha Ltd.,984,984,984,984,3
2019-09-01,Mahuli Samudayik Laghubitta Bittiya Sanstha Ltd.,952,966,952,952,100
2019-08-29,Mahuli Samudayik Laghubitta Bittiya Sanstha Ltd.,984,984,948,966,106
2019-09-04,Mahuli Samudayik Laghubitta Bittiya Sanstha Ltd.,950,944,950,950,25
2019-09-02,Mahuli Samudayik Laghubitta Bittiya Sanstha Ltd.,933,952,915,933,67
2019-09-03,Mahuli Samudayik Laghubitta Bittiya Sanstha Ltd.,950,933,930,944,153
2019-09-08,Mahuli Samudayik Laghubitta Bittiya Sanstha Ltd.,952,951,930,930,129
2019-09-05,Mahuli Samudayik Laghubitta Bittiya Sanstha Ltd.,951,950,945,951,175
2019-09-19,Mahuli Samudayik Laghubitta Bittiya Sanstha Ltd.,969,941,923,949,1713
2019-09-09,Mahuli Samudayik Laghubitta Bittiya Sanstha Ltd.,930,930,912,925,185
2019-09-10,Mahuli Samudayik Laghubitta Bittiya Sanstha Ltd.,925,925,925,925,43
2019-09-10,Mahuli Samudayik Laghubitta Bittiya Sanstha Ltd.,925,925,925,925,43
2019-09-16,Mahuli Samudayik Laghubitta Bittiya Sanstha Ltd.,870,880,850,855,225
2019-09-11,Mahuli Samudayik Laghubitta Bittiya Sanstha Ltd.,930,925,897,910,398
2019-09-12,Mahuli Samudayik Laghubitta Bittiya Sanstha Ltd.,920,910,892,908,350
2019-09-15,Mahuli Samudayik Laghubitta Bittiya Sanstha Ltd.,895,908,865,880,188
2019-09-17,Mahuli Samudayik Laghubitta Bittiya Sanstha Ltd.,889,855,872,873,74
2019-09-18,Mahuli Samudayik Laghubitta Bittiya Sanstha Ltd.,941,873,888,941,118
2019-09-26,Mahuli Samudayik Laghubitta Bittiya Sanstha Ltd.,933,915,915,920,1664
2019-09-24,Mahuli Samudayik Laghubitta Bittiya Sanstha Ltd.,915,930,912,912,59
2019-09-25,Mahuli Samudayik Laghubitta Bittiya Sanstha Ltd.,930,912,912,915,109
2019-09-22,Mahuli Samudayik Laghubitta Bittiya Sanstha Ltd.,932,949,896,930,186
2019-09-23,Mahuli Samudayik Laghubitta Bittiya Sanstha Ltd.,930,930,912,930,172
2019-10-02,Mahuli Samudayik Laghubitta Bittiya Sanstha Ltd.,954,954,954,954,9
2019-09-30,Mahuli Samudayik Laghubitta Bittiya Sanstha Ltd.,915,890,900,900,85
2019-10-01,Mahuli Samudayik Laghubitta Bittiya Sanstha Ltd.,954,900,918,954,30
2019-09-29,Mahuli Samudayik Laghubitta Bittiya Sanstha Ltd.,929,920,890,890,722
2019-10-10,Mahuli Samudayik Laghubitta Bittiya Sanstha Ltd.,954,954,954,954,26
2019-10-17,Mahuli Samudayik Laghubitta Bittiya Sanstha Ltd.,925,928,870,870,1095
2019-10-14,Mahuli Samudayik Laghubitta Bittiya Sanstha Ltd.,935,954,917,917,175
2019-10-15,Mahuli Samudayik Laghubitta Bittiya Sanstha Ltd.,935,917,935,935,14
2019-10-16,Mahuli Samudayik Laghubitta Bittiya Sanstha Ltd.,940,935,928,928,651
2019-10-23,Mahuli Samudayik Laghubitta Bittiya Sanstha Ltd.,891,854,855,891,366
2019-10-21,Mahuli Samudayik Laghubitta Bittiya Sanstha Ltd.,871,870,862,870,613
2019-10-22,Mahuli Samudayik Laghubitta Bittiya Sanstha Ltd.,887,870,854,854,1235
2019-10-24,Mahuli Samudayik Laghubitta Bittiya Sanstha Ltd.,887,891,870,887,117
2019-11-03,Mahuli Samudayik Laghubitta Bittiya Sanstha Ltd.,870,887,847,863,576
2019-10-31,Mahuli Samudayik Laghubitta Bittiya Sanstha Ltd.,887,887,887,887,9
2019-11-04,Mahuli Samudayik Laghubitta Bittiya Sanstha Ltd.,852,863,850,852,511
2019-11-07,Mahuli Samudayik Laghubitta Bittiya Sanstha Ltd.,855,855,840,855,110
2019-11-05,Mahuli Samudayik Laghubitta Bittiya Sanstha Ltd.,855,852,850,855,170
2019-11-06,Mahuli Samudayik Laghubitta Bittiya Sanstha Ltd.,855,855,855,855,11
2019-11-13,Mahuli Samudayik Laghubitta Bittiya Sanstha Ltd.,880,865,860,880,182
2019-11-10,Mahuli Samudayik Laghubitta Bittiya Sanstha Ltd.,872,855,872,872,10
2019-11-11,Mahuli Samudayik Laghubitta Bittiya Sanstha Ltd.,900,872,856,897,390
2019-11-12,Mahuli Samudayik Laghubitta Bittiya Sanstha Ltd.,900,897,856,865,118
2019-11-17,Mahuli Samudayik Laghubitta Bittiya Sanstha Ltd.,866,866,856,856,188
2019-11-14,Mahuli Samudayik Laghubitta Bittiya Sanstha Ltd.,870,880,866,866,223
2019-11-18,Mahuli Samudayik Laghubitta Bittiya Sanstha Ltd.,873,856,873,873,20
2019-11-19,Mahuli Samudayik Laghubitta Bittiya Sanstha Ltd.,858,873,856,856,108
2019-11-20,Mahuli Samudayik Laghubitta Bittiya Sanstha Ltd.,873,856,860,860,159
2019-11-21,Mahuli Samudayik Laghubitta Bittiya Sanstha Ltd.,868,860,860,868,105
2019-11-28,Mahuli Samudayik Laghubitta Bittiya Sanstha Ltd.,831,843,830,830,240
2019-11-24,Mahuli Samudayik Laghubitta Bittiya Sanstha Ltd.,883,868,826,883,417
2019-11-25,Mahuli Samudayik Laghubitta Bittiya Sanstha Ltd.,883,883,866,866,12
2019-11-26,Mahuli Samudayik Laghubitta Bittiya Sanstha Ltd.,849,866,827,843,338
2019-11-27,Mahuli Samudayik Laghubitta Bittiya Sanstha Ltd.,859,843,843,843,80
2019-12-02,Mahuli Samudayik Laghubitta Bittiya Sanstha Ltd.,895,830,830,895,179
2019-12-01,Mahuli Samudayik Laghubitta Bittiya Sanstha Ltd.,830,830,826,830,142
2019-12-05,Mahuli Samudayik Laghubitta Bittiya Sanstha Ltd.,878,895,844,862,455
2019-12-03,Mahuli Samudayik Laghubitta Bittiya Sanstha Ltd.,895,895,895,895,3
2019-12-08,Mahuli Samudayik Laghubitta Bittiya Sanstha Ltd.,874,862,846,874,468
2019-12-15,Mahuli Samudayik Laghubitta Bittiya Sanstha Ltd.,960,947,960,960,330
2019-12-09,Mahuli Samudayik Laghubitta Bittiya Sanstha Ltd.,917,874,878,900,1489
2019-12-10,Mahuli Samudayik Laghubitta Bittiya Sanstha Ltd.,907,900,865,880,1907
2019-12-11,Mahuli Samudayik Laghubitta Bittiya Sanstha Ltd.,953,880,880,951,3505
2019-12-12,Mahuli Samudayik Laghubitta Bittiya Sanstha Ltd.,965,951,932,947,260
2019-12-23,Mahuli Samudayik Laghubitta Bittiya Sanstha Ltd.,900,882,885,900,387
2019-12-16,Mahuli Samudayik Laghubitta Bittiya Sanstha Ltd.,941,960,890,900,1448
2019-12-17,Mahuli Samudayik Laghubitta Bittiya Sanstha Ltd.,917,900,892,892,160
2019-12-18,Mahuli Samudayik Laghubitta Bittiya Sanstha Ltd.,899,892,885,886,617
2019-12-19,Mahuli Samudayik Laghubitta Bittiya Sanstha Ltd.,938,886,903,938,30
2019-12-22,Mahuli Samudayik Laghubitta Bittiya Sanstha Ltd.,920,938,882,882,394
2020-01-13,Mahuli Samudayik Laghubitta Bittiya Sanstha Ltd.,1008,970,944,956,2670
2019-12-24,Mahuli Samudayik Laghubitta Bittiya Sanstha Ltd.,918,900,900,900,1967
2019-12-25,Mahuli Samudayik Laghubitta Bittiya Sanstha Ltd.,919,900,901,904,255
2019-12-30,Mahuli Samudayik Laghubitta Bittiya Sanstha Ltd.,762,750.83,740,762,423
2019-12-31,Mahuli Samudayik Laghubitta Bittiya Sanstha Ltd.,779,762,762,779,117
2020-01-01,Mahuli Samudayik Laghubitta Bittiya Sanstha Ltd.,794,779,764,780,138
2020-01-01,Mahuli Samudayik Laghubitta Bittiya Sanstha Ltd.,794,779,764,780,138
2020-01-09,Mahuli Samudayik Laghubitta Bittiya Sanstha Ltd.,901,868,851,885,1608
2020-01-12,Mahuli Samudayik Laghubitta Bittiya Sanstha Ltd.,970,885,902,970,2320
2019-12-26,Mahuli Samudayik Laghubitta Bittiya Sanstha Ltd.,907,904,890,901,725
2019-12-29,Mahuli Samudayik Laghubitta Bittiya Sanstha Ltd.,905,901,899,901,979
2020-01-02,Mahuli Samudayik Laghubitta Bittiya Sanstha Ltd.,790,780,775,790,240
2020-01-05,Mahuli Samudayik Laghubitta Bittiya Sanstha Ltd.,810,790,779,809,2258
2020-01-06,Mahuli Samudayik Laghubitta Bittiya Sanstha Ltd.,860,809,812,860,1507
2020-01-07,Mahuli Samudayik Laghubitta Bittiya Sanstha Ltd.,894,860,860,875,479
2020-01-08,Mahuli Samudayik Laghubitta Bittiya Sanstha Ltd.,871,875,842,868,927
2020-01-19,Mahuli Samudayik Laghubitta Bittiya Sanstha Ltd.,1014,969,968,968,1689
2020-01-14,Mahuli Samudayik Laghubitta Bittiya Sanstha Ltd.,968,956,919,935,1174
2020-01-15,Mahuli Samudayik Laghubitta Bittiya Sanstha Ltd.,951,935,917,926,1035
2020-01-16,Mahuli Samudayik Laghubitta Bittiya Sanstha Ltd.,989,926,944,969,1565
2020-01-21,Mahuli Samudayik Laghubitta Bittiya Sanstha Ltd.,975,958,901,901,1209
2020-01-20,Mahuli Samudayik Laghubitta Bittiya Sanstha Ltd.,980,968,923,958,1795
2020-01-22,Mahuli Samudayik Laghubitta Bittiya Sanstha Ltd.,950,901,890,895,3476
2020-12-15,Mahuli Samudayik Laghubitta Bittiya Sanstha Ltd.,1190,1082,1103,1190,519
2020-12-13,Mahuli Samudayik Laghubitta Bittiya Sanstha Ltd.,984,895,895,984,225
2020-12-14,Mahuli Samudayik Laghubitta Bittiya Sanstha Ltd.,1082,984,1003,1082,132
2020-12-20,Mahuli Samudayik Laghubitta Bittiya Sanstha Ltd.,1582,1439,1451,1534,29685
2020-12-16,Mahuli Samudayik Laghubitta Bittiya Sanstha Ltd.,1309,1190,1249,1309,315
2020-12-17,Mahuli Samudayik Laghubitta Bittiya Sanstha Ltd.,1439,1309,1335,1439,1123
2020-12-22,Mahuli Samudayik Laghubitta Bittiya Sanstha Ltd.,1688,1535,1565,1624,4181
2020-12-21,Mahuli Samudayik Laghubitta Bittiya Sanstha Ltd.,1564,1534,1400,1535,6277
2020-12-23,Mahuli Samudayik Laghubitta Bittiya Sanstha Ltd.,1615,1624,1572,1591,2959
2020-12-27,Mahuli Samudayik Laghubitta Bittiya Sanstha Ltd.,1566,1560,1525,1535,4030
2020-12-24,Mahuli Samudayik Laghubitta Bittiya Sanstha Ltd.,1611,1591,1537,1560,3892
2020-12-29,Mahuli Samudayik Laghubitta Bittiya Sanstha Ltd.,1640,1530,1502,1556,3053
2020-12-28,Mahuli Samudayik Laghubitta Bittiya Sanstha Ltd.,1535,1535,1512,1530,1196
2020-12-30,Mahuli Samudayik Laghubitta Bittiya Sanstha Ltd.,1587,1556,1536,1556,1972
2020-12-31,Mahuli Samudayik Laghubitta Bittiya Sanstha Ltd.,1633,1556,1544,1545,498
2021-01-03,Mahuli Samudayik Laghubitta Bittiya Sanstha Ltd.,1590,1545,1545,1585,2820
2021-01-04,Mahuli Samudayik Laghubitta Bittiya Sanstha Ltd.,1595,1585,1556,1561,1573
2021-01-05,Mahuli Samudayik Laghubitta Bittiya Sanstha Ltd.,1578,1561,1501,1550,2234
2021-01-17,Mahuli Samudayik Laghubitta Bittiya Sanstha Ltd.,1734,1700,1690,1728,5095
2021-01-06,Mahuli Samudayik Laghubitta Bittiya Sanstha Ltd.,1612,1550,1525,1612,8106
2021-01-07,Mahuli Samudayik Laghubitta Bittiya Sanstha Ltd.,1665,1612,1617,1632,5163
2021-01-10,Mahuli Samudayik Laghubitta Bittiya Sanstha Ltd.,1698,1632,1650,1698,2546
2021-01-11,Mahuli Samudayik Laghubitta Bittiya Sanstha Ltd.,1717,1698,1640,1679,1735
2021-01-12,Mahuli Samudayik Laghubitta Bittiya Sanstha Ltd.,1758,1679,1629,1670,1580
2021-01-13,Mahuli Samudayik Laghubitta Bittiya Sanstha Ltd.,1703,1670,1636,1700,1870
2021-01-25,Mahuli Samudayik Laghubitta Bittiya Sanstha Ltd.,2110,2097,2000,2054,4638
2021-01-18,Mahuli Samudayik Laghubitta Bittiya Sanstha Ltd.,1841,1728,1740,1819,3919
2021-01-19,Mahuli Samudayik Laghubitta Bittiya Sanstha Ltd.,1900,1819,1766,1805,2758
2021-01-20,Mahuli Samudayik Laghubitta Bittiya Sanstha Ltd.,1900,1805,1812,1883,6529
2021-01-21,Mahuli Samudayik Laghubitta Bittiya Sanstha Ltd.,2047,1883,1900,2039,6241
2021-01-24,Mahuli Samudayik Laghubitta Bittiya Sanstha Ltd.,2161,2039,2060,2097,5532
2021-01-26,Mahuli Samudayik Laghubitta Bittiya Sanstha Ltd.,2045,2054,2013,2045,3681
2021-01-31,Mahuli Samudayik Laghubitta Bittiya Sanstha Ltd.,2053,2094,1990,1990,4988
2021-01-27,Mahuli Samudayik Laghubitta Bittiya Sanstha Ltd.,2055,2045,1993,2006,1208
2021-01-28,Mahuli Samudayik Laghubitta Bittiya Sanstha Ltd.,2200,2006,2035,2094,5223
2021-02-01,Mahuli Samudayik Laghubitta Bittiya Sanstha Ltd.,2045,1990,1961,1980,6521
2021-02-11,Mahuli Samudayik Laghubitta Bittiya Sanstha Ltd.,2805,2750,2655,2655,6904
2021-02-02,Mahuli Samudayik Laghubitta Bittiya Sanstha Ltd.,2140,1980,2000,2140,8078
2021-02-03,Mahuli Samudayik Laghubitta Bittiya Sanstha Ltd.,2354,2140,2181,2354,19451
2021-02-04,Mahuli Samudayik Laghubitta Bittiya Sanstha Ltd.,2589,2354,2354,2589,15485
2021-02-07,Mahuli Samudayik Laghubitta Bittiya Sanstha Ltd.,2847,2589,2664,2847,7426
2021-02-08,Mahuli Samudayik Laghubitta Bittiya Sanstha Ltd.,3131,2847,2722,2834,14570
2021-02-09,Mahuli Samudayik Laghubitta Bittiya Sanstha Ltd.,2819,2834,2673,2780,11634
2021-02-10,Mahuli Samudayik Laghubitta Bittiya Sanstha Ltd.,2855,2780,2730,2750,8110
2021-02-17,Mahuli Samudayik Laghubitta Bittiya Sanstha Ltd.,2710,2670,2640,2660,2026
2021-02-14,Mahuli Samudayik Laghubitta Bittiya Sanstha Ltd.,2787,2655,2490,2549,9824
2021-02-15,Mahuli Samudayik Laghubitta Bittiya Sanstha Ltd.,2803,2549,2599,2803,8037
2021-02-16,Mahuli Samudayik Laghubitta Bittiya Sanstha Ltd.,2850,2803,2650,2670,3490
2021-02-18,Mahuli Samudayik Laghubitta Bittiya Sanstha Ltd.,2630,2660,2591,2605,3132
2021-02-23,Mahuli Samudayik Laghubitta Bittiya Sanstha Ltd.,2548,2480,2450,2500,2705
2021-02-21,Mahuli Samudayik Laghubitta Bittiya Sanstha Ltd.,2610,2605,2553,2555,1911
2021-02-22,Mahuli Samudayik Laghubitta Bittiya Sanstha Ltd.,2606,2555,2477,2480,2624
2021-03-03,Mahuli Samudayik Laghubitta Bittiya Sanstha Ltd.,2245,2288,2199,2245,2376
2021-02-28,Mahuli Samudayik Laghubitta Bittiya Sanstha Ltd.,2446,2490,2347,2400,2201
2021-02-24,Mahuli Samudayik Laghubitta Bittiya Sanstha Ltd.,2600,2500,2500,2550,1591
2021-02-25,Mahuli Samudayik Laghubitta Bittiya Sanstha Ltd.,2600,2550,2460,2490,2094
2021-03-01,Mahuli Samudayik Laghubitta Bittiya Sanstha Ltd.,2446,2400,2352,2380,1885
2021-03-02,Mahuli Samudayik Laghubitta Bittiya Sanstha Ltd.,2380,2380,2288,2288,2304
2021-03-07,Mahuli Samudayik Laghubitta Bittiya Sanstha Ltd.,2485,2390,2390,2437,1944
2021-03-04,Mahuli Samudayik Laghubitta Bittiya Sanstha Ltd.,2449,2245,2289,2390,1303
2021-03-15,Mahuli Samudayik Laghubitta Bittiya Sanstha Ltd.,2530,2360,2362,2480,3193
2021-03-09,Mahuli Samudayik Laghubitta Bittiya Sanstha Ltd.,2435,2437,2380,2380,992
2021-03-10,Mahuli Samudayik Laghubitta Bittiya Sanstha Ltd.,2380,2380,2295,2300,851
2021-03-14,Mahuli Samudayik Laghubitta Bittiya Sanstha Ltd.,2397,2300,2301,2360,2769
2021-04-01,Mahuli Samudayik Laghubitta Bittiya Sanstha Ltd.,2308,2276,2225,2227,1771
2021-03-16,Mahuli Samudayik Laghubitta Bittiya Sanstha Ltd.,2599,2480,2480,2490,2302
2021-03-21,Mahuli Samudayik Laghubitta Bittiya Sanstha Ltd.,2620,2540,2580,2582,4183
2021-03-24,Mahuli Samudayik Laghubitta Bittiya Sanstha Ltd.,2360,2320,2277,2320,2497
2021-03-25,Mahuli Samudayik Laghubitta Bittiya Sanstha Ltd.,2320,2320,2245,2251,1693
2021-03-29,Mahuli Samudayik Laghubitta Bittiya Sanstha Ltd.,2320,2251,2207,2260,1715
2021-03-30,Mahuli Samudayik Laghubitta Bittiya Sanstha Ltd.,2339,2260,2265,2309,2343
2021-03-31,Mahuli Samudayik Laghubitta Bittiya Sanstha Ltd.,2349,2309,2276,2276,2049
2021-04-04,Mahuli Samudayik Laghubitta Bittiya Sanstha Ltd.,2271,2227,2226,2235,3158
2021-03-17,Mahuli Samudayik Laghubitta Bittiya Sanstha Ltd.,2530,2490,2490,2514,1904
2021-03-18,Mahuli Samudayik Laghubitta Bittiya Sanstha Ltd.,2560,2514,2500,2540,3920
2021-03-22,Mahuli Samudayik Laghubitta Bittiya Sanstha Ltd.,2670,2582,2615,2625,20174
2021-03-23,Mahuli Samudayik Laghubitta Bittiya Sanstha Ltd.,2375,2188,2150,2320,6112
2021-04-05,Mahuli Samudayik Laghubitta Bittiya Sanstha Ltd.,2274,2235,2202,2240,1678
2021-04-07,Mahuli Samudayik Laghubitta Bittiya Sanstha Ltd.,2351,2250,2217,2227,1265
2021-04-12,Mahuli Samudayik Laghubitta Bittiya Sanstha Ltd.,2425,2330,2335,2365,3380
2021-04-06,Mahuli Samudayik Laghubitta Bittiya Sanstha Ltd.,2250,2240,2197,2250,975
2021-04-08,Mahuli Samudayik Laghubitta Bittiya Sanstha Ltd.,2342,2227,2271,2330,4845
2021-04-13,Mahuli Samudayik Laghubitta Bittiya Sanstha Ltd.,2398,2365,2300,2340,1964
2021-04-18,Mahuli Samudayik Laghubitta Bittiya Sanstha Ltd.,2346,2300,2256,2256,1635
2021-04-15,Mahuli Samudayik Laghubitta Bittiya Sanstha Ltd.,2355,2340,2290,2300,1089
2021-04-19,Mahuli Samudayik Laghubitta Bittiya Sanstha Ltd.,2346,2256,2222,2250,894
2021-04-21,Mahuli Samudayik Laghubitta Bittiya Sanstha Ltd.,2340,2250,2212,2250,1734
2021-04-20,Mahuli Samudayik Laghubitta Bittiya Sanstha Ltd.,2280,2250,2250,2250,530
2021-05-04,Mahuli Samudayik Laghubitta Bittiya Sanstha Ltd.,2345,2280,2279,2315,5949
2021-04-25,Mahuli Samudayik Laghubitta Bittiya Sanstha Ltd.,2377,2264,2164,2200,1030
2021-04-26,Mahuli Samudayik Laghubitta Bittiya Sanstha Ltd.,2356,2200,2128,2160,4568
2021-04-27,Mahuli Samudayik Laghubitta Bittiya Sanstha Ltd.,2284,2160,2155,2270,1165
2021-04-28,Mahuli Samudayik Laghubitta Bittiya Sanstha Ltd.,2357,2270,2186,2225,1612
2021-05-02,Mahuli Samudayik Laghubitta Bittiya Sanstha Ltd.,2288,2225,2199,2260,1479
2021-05-03,Mahuli Samudayik Laghubitta Bittiya Sanstha Ltd.,2305,2260,2222,2280,3654
2021-04-22,Mahuli Samudayik Laghubitta Bittiya Sanstha Ltd.,2295,2250,2171,2264,1151
2021-04-29,Mahuli Samudayik Laghubitta Bittiya Sanstha Ltd.,2240,2225,2201,2225,1009
2021-05-10,Mahuli Samudayik Laghubitta Bittiya Sanstha Ltd.,2245,2240,2202,2242,688
2021-05-05,Mahuli Samudayik Laghubitta Bittiya Sanstha Ltd.,2361,2315,2275,2310,1187
2021-05-06,Mahuli Samudayik Laghubitta Bittiya Sanstha Ltd.,2330,2310,2215,2239,1997
2021-05-09,Mahuli Samudayik Laghubitta Bittiya Sanstha Ltd.,2275,2239,2195,2240,2895
2021-05-11,Mahuli Samudayik Laghubitta Bittiya Sanstha Ltd.,2310,2242,2245,2280,2173
2021-05-12,Mahuli Samudayik Laghubitta Bittiya Sanstha Ltd.,2277,2280,2242,2270,1283
2021-05-16,Mahuli Samudayik Laghubitta Bittiya Sanstha Ltd.,2315,2270,2250,2302,2032
2021-05-13,Mahuli Samudayik Laghubitta Bittiya Sanstha Ltd.,2290,2270,2269,2270,1004
2021-05-19,Mahuli Samudayik Laghubitta Bittiya Sanstha Ltd.,2433,2340,2330,2341,2923
2021-05-17,Mahuli Samudayik Laghubitta Bittiya Sanstha Ltd.,2345,2302,2281,2310,2137
2021-05-18,Mahuli Samudayik Laghubitta Bittiya Sanstha Ltd.,2357,2310,2283,2340,7459
2021-05-24,Mahuli Samudayik Laghubitta Bittiya Sanstha Ltd.,2320,2320,2298,2317,773
2021-05-20,Mahuli Samudayik Laghubitta Bittiya Sanstha Ltd.,2340,2341,2315,2315,1277
2021-05-23,Mahuli Samudayik Laghubitta Bittiya Sanstha Ltd.,2340,2315,2242,2320,4259
2021-05-25,Mahuli Samudayik Laghubitta Bittiya Sanstha Ltd.,2320,2317,2280,2285,2544
2021-05-27,Mahuli Samudayik Laghubitta Bittiya Sanstha Ltd.,2320,2285,2156,2279,5600
2021-06-06,Mahuli Samudayik Laghubitta Bittiya Sanstha Ltd.,2223,2220,2180,2210,1852
2021-05-30,Mahuli Samudayik Laghubitta Bittiya Sanstha Ltd.,2290,2279,2240,2257,1267
2021-06-01,Mahuli Samudayik Laghubitta Bittiya Sanstha Ltd.,2235,2236,2193,2205,706
2021-06-02,Mahuli Samudayik Laghubitta Bittiya Sanstha Ltd.,2235,2205,2193,2206,1573
2021-05-31,Mahuli Samudayik Laghubitta Bittiya Sanstha Ltd.,2240,2257,2200,2236,1405
2021-06-03,Mahuli Samudayik Laghubitta Bittiya Sanstha Ltd.,2250,2206,2166,2220,1336
2021-06-09,Mahuli Samudayik Laghubitta Bittiya Sanstha Ltd.,2219,2176,2180,2180,936
2021-06-07,Mahuli Samudayik Laghubitta Bittiya Sanstha Ltd.,2210,2210,2180,2180,1979
2021-06-08,Mahuli Samudayik Laghubitta Bittiya Sanstha Ltd.,2223,2180,2176,2176,2386
2021-06-14,Mahuli Samudayik Laghubitta Bittiya Sanstha Ltd.,2190,2173,2165,2183,619
2021-06-10,Mahuli Samudayik Laghubitta Bittiya Sanstha Ltd.,2223,2180,2181,2197,948
2021-06-13,Mahuli Samudayik Laghubitta Bittiya Sanstha Ltd.,2221,2197,2172,2173,1935
2021-06-23,Mahuli Samudayik Laghubitta Bittiya Sanstha Ltd.,2090,2100,2060,2080,493
2021-06-20,Mahuli Samudayik Laghubitta Bittiya Sanstha Ltd.,2155,2195,2109,2109,751
2021-06-15,Mahuli Samudayik Laghubitta Bittiya Sanstha Ltd.,2183,2183,2140,2156,1551
2021-06-16,Mahuli Samudayik Laghubitta Bittiya Sanstha Ltd.,2297,2156,2156,2200,3101
2021-06-17,Mahuli Samudayik Laghubitta Bittiya Sanstha Ltd.,2224,2200,2192,2195,636
2021-06-21,Mahuli Samudayik Laghubitta Bittiya Sanstha Ltd.,2105,2109,2066,2090,1000
2021-06-22,Mahuli Samudayik Laghubitta Bittiya Sanstha Ltd.,2110,2090,2049,2100,1069
2021-06-27,Mahuli Samudayik Laghubitta Bittiya Sanstha Ltd.,2100,2065,2075,2085,1101
2021-06-24,Mahuli Samudayik Laghubitta Bittiya Sanstha Ltd.,2065,2080,2051,2065,382
2021-06-28,Mahuli Samudayik Laghubitta Bittiya Sanstha Ltd.,2182,2085,2085,2150,1269
