date,company,open,high,low,close,volume
2017-02-08,Suryodaya Laghubitta Bittiya Sanstha Ltd.,495,0,486,495,20
2017-02-23,Suryodaya Laghubitta Bittiya Sanstha Ltd.,504,495,504,504,10
2017-03-06,Suryodaya Laghubitta Bittiya Sanstha Ltd.,0,504,0,0,10
2017-03-13,Suryodaya Laghubitta Bittiya Sanstha Ltd.,514,504,514,514,10
2017-03-21,Suryodaya Laghubitta Bittiya Sanstha Ltd.,524,514,524,524,10
2017-03-22,Suryodaya Laghubitta Bittiya Sanstha Ltd.,534,524,534,534,10
2017-04-04,Suryodaya Laghubitta Bittiya Sanstha Ltd.,0,534,0,0,10
2017-04-06,Suryodaya Laghubitta Bittiya Sanstha Ltd.,544,534,544,544,10
2017-04-18,Suryodaya Laghubitta Bittiya Sanstha Ltd.,571,544,571,571,10
2017-04-25,Suryodaya Laghubitta Bittiya Sanstha Ltd.,582,571,582,582,10
2017-04-27,Suryodaya Laghubitta Bittiya Sanstha Ltd.,611,582,611,611,10
2017-05-02,Suryodaya Laghubitta Bittiya Sanstha Ltd.,623,611,623,623,10
2017-05-11,Suryodaya Laghubitta Bittiya Sanstha Ltd.,635,623,635,635,10
2017-06-06,Suryodaya Laghubitta Bittiya Sanstha Ltd.,647,635,647,647,10
2017-06-18,Suryodaya Laghubitta Bittiya Sanstha Ltd.,659,647,659,659,10
2017-07-10,Suryodaya Laghubitta Bittiya Sanstha Ltd.,672,659,672,672,10
2017-07-30,Suryodaya Laghubitta Bittiya Sanstha Ltd.,0,672,0,0,10
2017-08-22,Suryodaya Laghubitta Bittiya Sanstha Ltd.,776,761,776,776,10
2017-08-13,Suryodaya Laghubitta Bittiya Sanstha Ltd.,761,725,761,761,10
2017-08-03,Suryodaya Laghubitta Bittiya Sanstha Ltd.,711,672,685,711,30
2017-08-06,Suryodaya Laghubitta Bittiya Sanstha Ltd.,725,711,725,725,10
2017-08-24,Suryodaya Laghubitta Bittiya Sanstha Ltd.,814,776,814,814,10
2017-08-27,Suryodaya Laghubitta Bittiya Sanstha Ltd.,830,814,830,830,10
2017-10-11,Suryodaya Laghubitta Bittiya Sanstha Ltd.,931,896,913,931,20
2017-09-11,Suryodaya Laghubitta Bittiya Sanstha Ltd.,896,830,846,896,40
2017-11-07,Suryodaya Laghubitta Bittiya Sanstha Ltd.,1097,1015,1035,1097,40
2017-11-01,Suryodaya Laghubitta Bittiya Sanstha Ltd.,1015,967,1015,1015,10
2017-10-16,Suryodaya Laghubitta Bittiya Sanstha Ltd.,949,931,949,949,10
2017-10-22,Suryodaya Laghubitta Bittiya Sanstha Ltd.,967,949,967,967,10
2017-11-08,Suryodaya Laghubitta Bittiya Sanstha Ltd.,0,1097,0,0,10
2017-12-04,Suryodaya Laghubitta Bittiya Sanstha Ltd.,1162,1140,1162,1162,10
2017-11-19,Suryodaya Laghubitta Bittiya Sanstha Ltd.,1140,1118,1140,1140,10
2017-11-15,Suryodaya Laghubitta Bittiya Sanstha Ltd.,1118,1097,1118,1118,10
2017-12-13,Suryodaya Laghubitta Bittiya Sanstha Ltd.,1293,1244,1268,1293,20
2017-12-05,Suryodaya Laghubitta Bittiya Sanstha Ltd.,1185,1162,1185,1185,10
2017-12-21,Suryodaya Laghubitta Bittiya Sanstha Ltd.,1318,1293,1318,1318,10
2017-12-12,Suryodaya Laghubitta Bittiya Sanstha Ltd.,1244,1185,1244,1244,30
2018-01-08,Suryodaya Laghubitta Bittiya Sanstha Ltd.,1198,1152,1175,1198,20
2018-01-02,Suryodaya Laghubitta Bittiya Sanstha Ltd.,1130,1108,1130,1130,10
2018-01-04,Suryodaya Laghubitta Bittiya Sanstha Ltd.,1152,1130,1152,1152,10
2018-01-22,Suryodaya Laghubitta Bittiya Sanstha Ltd.,1269,1245,1269,1269,10
2018-01-16,Suryodaya Laghubitta Bittiya Sanstha Ltd.,1221,1198,1221,1221,10
2018-01-21,Suryodaya Laghubitta Bittiya Sanstha Ltd.,1245,1221,1245,1245,10
2018-02-08,Suryodaya Laghubitta Bittiya Sanstha Ltd.,1479,1345,1371,1479,70
2018-02-07,Suryodaya Laghubitta Bittiya Sanstha Ltd.,1345,1269,1294,1345,30
2018-02-11,Suryodaya Laghubitta Bittiya Sanstha Ltd.,929,911,929,929,10
2018-03-04,Suryodaya Laghubitta Bittiya Sanstha Ltd.,1084,1043,1063,1084,20
2018-02-21,Suryodaya Laghubitta Bittiya Sanstha Ltd.,965,929,947,965,20
2018-02-26,Suryodaya Laghubitta Bittiya Sanstha Ltd.,984,965,984,984,10
2018-02-27,Suryodaya Laghubitta Bittiya Sanstha Ltd.,1003,984,1003,1003,10
2018-02-28,Suryodaya Laghubitta Bittiya Sanstha Ltd.,1043,1003,1023,1043,20
2018-03-13,Suryodaya Laghubitta Bittiya Sanstha Ltd.,1265,1276,1240,1264,320
2018-03-06,Suryodaya Laghubitta Bittiya Sanstha Ltd.,1311,1192,1215,1311,60
2018-03-11,Suryodaya Laghubitta Bittiya Sanstha Ltd.,1586,1442,1327,1334,1980
2018-03-05,Suryodaya Laghubitta Bittiya Sanstha Ltd.,1192,1084,1105,1192,50
2018-03-07,Suryodaya Laghubitta Bittiya Sanstha Ltd.,1442,1311,1337,1442,70
2018-03-18,Suryodaya Laghubitta Bittiya Sanstha Ltd.,1200,1215,1186,1186,180
2018-03-20,Suryodaya Laghubitta Bittiya Sanstha Ltd.,1123,1145,1083,1089,140
2018-03-26,Suryodaya Laghubitta Bittiya Sanstha Ltd.,981,1000,961,981,200
2018-03-27,Suryodaya Laghubitta Bittiya Sanstha Ltd.,1000,981,962,985,70
2018-04-03,Suryodaya Laghubitta Bittiya Sanstha Ltd.,1050,1030,1015,1015,40
2018-04-04,Suryodaya Laghubitta Bittiya Sanstha Ltd.,1025,1015,1015,1025,30
2018-04-05,Suryodaya Laghubitta Bittiya Sanstha Ltd.,1086,1025,1045,1070,80
2018-04-08,Suryodaya Laghubitta Bittiya Sanstha Ltd.,1177,1070,1090,1177,510
2018-04-10,Suryodaya Laghubitta Bittiya Sanstha Ltd.,1305,1294,1220,1256,150
2018-04-15,Suryodaya Laghubitta Bittiya Sanstha Ltd.,1300,1300,1300,1300,40
2018-04-18,Suryodaya Laghubitta Bittiya Sanstha Ltd.,1455,1421,1421,1421,840
2018-04-22,Suryodaya Laghubitta Bittiya Sanstha Ltd.,1479,1393,1418,1479,470
2018-04-23,Suryodaya Laghubitta Bittiya Sanstha Ltd.,1485,1479,1480,1480,370
2018-04-26,Suryodaya Laghubitta Bittiya Sanstha Ltd.,1376,1397,1317,1317,130
2018-05-03,Suryodaya Laghubitta Bittiya Sanstha Ltd.,1530,1397,1395,1530,1360
2018-05-07,Suryodaya Laghubitta Bittiya Sanstha Ltd.,1465,1455,1426,1440,200
2018-05-09,Suryodaya Laghubitta Bittiya Sanstha Ltd.,1547,1518,1480,1519,877
2018-05-14,Suryodaya Laghubitta Bittiya Sanstha Ltd.,1530,1486,1490,1500,330
2018-05-15,Suryodaya Laghubitta Bittiya Sanstha Ltd.,1490,1500,1470,1480,310
2018-05-20,Suryodaya Laghubitta Bittiya Sanstha Ltd.,1545,1486,1501,1511,660
2018-05-21,Suryodaya Laghubitta Bittiya Sanstha Ltd.,1535,1511,1496,1535,140
2018-05-24,Suryodaya Laghubitta Bittiya Sanstha Ltd.,1765,1748,1692,1692,740
2018-05-28,Suryodaya Laghubitta Bittiya Sanstha Ltd.,1713,1660,1627,1710,460
2018-05-30,Suryodaya Laghubitta Bittiya Sanstha Ltd.,1651,1612,1550,1648,980
2018-06-03,Suryodaya Laghubitta Bittiya Sanstha Ltd.,1652,1682,1600,1600,1600
2018-06-06,Suryodaya Laghubitta Bittiya Sanstha Ltd.,1667,1572,1603,1605,68
2018-06-11,Suryodaya Laghubitta Bittiya Sanstha Ltd.,1621,1535,1530,1588,437
2018-06-13,Suryodaya Laghubitta Bittiya Sanstha Ltd.,1632,1600,1570,1578,130
2018-06-18,Suryodaya Laghubitta Bittiya Sanstha Ltd.,1611,1580,1570,1611,210
2018-06-21,Suryodaya Laghubitta Bittiya Sanstha Ltd.,1642,1556,1580,1580,560
2018-06-25,Suryodaya Laghubitta Bittiya Sanstha Ltd.,1600,1599,1574,1580,180
2018-06-26,Suryodaya Laghubitta Bittiya Sanstha Ltd.,1580,1580,1540,1540,570
2018-07-01,Suryodaya Laghubitta Bittiya Sanstha Ltd.,1529,1560,1510,1510,30
2018-07-02,Suryodaya Laghubitta Bittiya Sanstha Ltd.,1497,1510,1440,1470,193
2018-07-03,Suryodaya Laghubitta Bittiya Sanstha Ltd.,1490,1470,1445,1461,421
2018-07-05,Suryodaya Laghubitta Bittiya Sanstha Ltd.,1590,1490,1519,1590,960
2018-07-09,Suryodaya Laghubitta Bittiya Sanstha Ltd.,1520,1544,1495,1495,456
2018-07-10,Suryodaya Laghubitta Bittiya Sanstha Ltd.,1504,1495,1480,1499,420
2018-07-17,Suryodaya Laghubitta Bittiya Sanstha Ltd.,1550,1550,1500,1500,938
2018-07-18,Suryodaya Laghubitta Bittiya Sanstha Ltd.,1525,1500,1500,1520,212
2018-07-19,Suryodaya Laghubitta Bittiya Sanstha Ltd.,1515,1520,1490,1491,226
2018-07-22,Suryodaya Laghubitta Bittiya Sanstha Ltd.,1500,1491,1470,1470,195
2018-07-24,Suryodaya Laghubitta Bittiya Sanstha Ltd.,1543,1524,1500,1500,478
2018-07-25,Suryodaya Laghubitta Bittiya Sanstha Ltd.,1514,1500,1487,1514,423
2018-07-26,Suryodaya Laghubitta Bittiya Sanstha Ltd.,1492,1514,1485,1485,226
2018-07-30,Suryodaya Laghubitta Bittiya Sanstha Ltd.,1480,1485,1460,1478,221
2018-07-31,Suryodaya Laghubitta Bittiya Sanstha Ltd.,1464,1478,1441,1441,656
2018-08-02,Suryodaya Laghubitta Bittiya Sanstha Ltd.,1469,1462,1440,1469,78
2018-08-05,Suryodaya Laghubitta Bittiya Sanstha Ltd.,1490,1469,1436,1464,162
2018-08-06,Suryodaya Laghubitta Bittiya Sanstha Ltd.,1463,1464,1421,1424,680
2018-08-14,Suryodaya Laghubitta Bittiya Sanstha Ltd.,1400,1356,1360,1400,553
2018-08-15,Suryodaya Laghubitta Bittiya Sanstha Ltd.,1471,1400,1380,1471,515
2018-08-19,Suryodaya Laghubitta Bittiya Sanstha Ltd.,1460,1450,1421,1421,461
2018-08-20,Suryodaya Laghubitta Bittiya Sanstha Ltd.,1470,1421,1420,1445,1755
2018-08-22,Suryodaya Laghubitta Bittiya Sanstha Ltd.,1461,1460,1435,1461,213
2018-08-28,Suryodaya Laghubitta Bittiya Sanstha Ltd.,1548,1530,1488,1518,1083
2018-08-29,Suryodaya Laghubitta Bittiya Sanstha Ltd.,1545,1518,1490,1539,1557
2018-09-02,Suryodaya Laghubitta Bittiya Sanstha Ltd.,1509,1539,1488,1488,122
2018-09-03,Suryodaya Laghubitta Bittiya Sanstha Ltd.,1560,1488,1499,1530,792
2018-09-04,Suryodaya Laghubitta Bittiya Sanstha Ltd.,1557,1530,1526,1540,702
2018-09-05,Suryodaya Laghubitta Bittiya Sanstha Ltd.,1575,1540,1540,1570,1815
2018-09-09,Suryodaya Laghubitta Bittiya Sanstha Ltd.,1724,1598,1622,1673,1973
2018-09-10,Suryodaya Laghubitta Bittiya Sanstha Ltd.,1684,1673,1650,1680,1710
2018-09-13,Suryodaya Laghubitta Bittiya Sanstha Ltd.,1774,1740,1715,1760,808
2018-09-17,Suryodaya Laghubitta Bittiya Sanstha Ltd.,1820,1762,1743,1760,2515
2018-09-20,Suryodaya Laghubitta Bittiya Sanstha Ltd.,1760,1750,1706,1706,876
2018-09-25,Suryodaya Laghubitta Bittiya Sanstha Ltd.,1720,1719,1685,1710,752
2018-09-27,Suryodaya Laghubitta Bittiya Sanstha Ltd.,1717,1700,1667,1685,241
2018-10-07,Suryodaya Laghubitta Bittiya Sanstha Ltd.,1600,1630,1580,1600,214
2018-10-08,Suryodaya Laghubitta Bittiya Sanstha Ltd.,1642,1600,1600,1605,270
2018-10-11,Suryodaya Laghubitta Bittiya Sanstha Ltd.,1621,1591,1610,1615,240
2018-10-23,Suryodaya Laghubitta Bittiya Sanstha Ltd.,0,1630,0,0,16
2018-10-25,Suryodaya Laghubitta Bittiya Sanstha Ltd.,1619,1603,1600,1603,3134
2018-10-29,Suryodaya Laghubitta Bittiya Sanstha Ltd.,1581,1570,1546,1581,44
2018-10-31,Suryodaya Laghubitta Bittiya Sanstha Ltd.,1570,1580,1550,1563,171
2018-11-01,Suryodaya Laghubitta Bittiya Sanstha Ltd.,1553,1563,1546,1553,90
2018-11-05,Suryodaya Laghubitta Bittiya Sanstha Ltd.,1553,1552,1552,1552,66
2018-11-06,Suryodaya Laghubitta Bittiya Sanstha Ltd.,1552,1552,1552,1581,30
2018-11-11,Suryodaya Laghubitta Bittiya Sanstha Ltd.,1611,1581,1579,1579,254
2018-11-12,Suryodaya Laghubitta Bittiya Sanstha Ltd.,1579,1579,1551,1551,18
2018-11-19,Suryodaya Laghubitta Bittiya Sanstha Ltd.,1585,1585,1560,1561,300
2018-11-21,Suryodaya Laghubitta Bittiya Sanstha Ltd.,1585,1577,1554,1584,352
2018-11-22,Suryodaya Laghubitta Bittiya Sanstha Ltd.,1584,1584,1511,1511,159
2018-11-25,Suryodaya Laghubitta Bittiya Sanstha Ltd.,1514,1511,1480,1481.21,424
2018-11-26,Suryodaya Laghubitta Bittiya Sanstha Ltd.,1481.21,1481.21,1450,1421,634
2018-11-27,Suryodaya Laghubitta Bittiya Sanstha Ltd.,1540,1421,1421,1540,2261
2018-12-05,Suryodaya Laghubitta Bittiya Sanstha Ltd.,1469,1446,1394,1430,289
2018-12-06,Suryodaya Laghubitta Bittiya Sanstha Ltd.,1456,1430,1350,1420,2406
2018-12-09,Suryodaya Laghubitta Bittiya Sanstha Ltd.,1430,1420,1397,1429,2735
2018-12-10,Suryodaya Laghubitta Bittiya Sanstha Ltd.,1429,1001.05,980,998,133
2018-12-11,Suryodaya Laghubitta Bittiya Sanstha Ltd.,998,998,980,980,103
2018-12-17,Suryodaya Laghubitta Bittiya Sanstha Ltd.,1003,965,965,1003,214
2018-12-18,Suryodaya Laghubitta Bittiya Sanstha Ltd.,1005,1003,976,990,984
2018-12-20,Suryodaya Laghubitta Bittiya Sanstha Ltd.,1049,1029,1000,1000,56
2018-12-23,Suryodaya Laghubitta Bittiya Sanstha Ltd.,1020,1000,1000,1020,250
2018-12-24,Suryodaya Laghubitta Bittiya Sanstha Ltd.,1058,1020,997,997,316
2019-01-01,Suryodaya Laghubitta Bittiya Sanstha Ltd.,1020,1020,1017,1017,10
2019-01-02,Suryodaya Laghubitta Bittiya Sanstha Ltd.,1055,1017,1007,1055,852
2019-01-07,Suryodaya Laghubitta Bittiya Sanstha Ltd.,1050,1023,1023,1050,111
2019-01-09,Suryodaya Laghubitta Bittiya Sanstha Ltd.,1036,1036,1036,1036,92
2018-03-12,Suryodaya Laghubitta Bittiya Sanstha Ltd.,1320,1334,1276,1276,750
2018-03-14,Suryodaya Laghubitta Bittiya Sanstha Ltd.,1260,1264,1250,1250,100
2018-03-15,Suryodaya Laghubitta Bittiya Sanstha Ltd.,1230,1250,1202,1215,320
2018-03-19,Suryodaya Laghubitta Bittiya Sanstha Ltd.,1164,1186,1145,1145,380
2018-03-21,Suryodaya Laghubitta Bittiya Sanstha Ltd.,1089,1089,1036,1040,250
2018-03-22,Suryodaya Laghubitta Bittiya Sanstha Ltd.,1020,1040,981,1000,80
2018-03-28,Suryodaya Laghubitta Bittiya Sanstha Ltd.,1004,985,984,1003,650
2018-03-29,Suryodaya Laghubitta Bittiya Sanstha Ltd.,1060,1003,1000,1060,120
2018-04-01,Suryodaya Laghubitta Bittiya Sanstha Ltd.,1071,1060,1039,1050,110
2018-04-02,Suryodaya Laghubitta Bittiya Sanstha Ltd.,1050,1050,1030,1030,285
2018-04-09,Suryodaya Laghubitta Bittiya Sanstha Ltd.,1294,1177,1200,1294,1180
2018-04-11,Suryodaya Laghubitta Bittiya Sanstha Ltd.,1270,1256,1231,1260,130
2018-04-12,Suryodaya Laghubitta Bittiya Sanstha Ltd.,1300,1260,1260,1300,157
2018-04-16,Suryodaya Laghubitta Bittiya Sanstha Ltd.,1372,1300,1320,1345,290
2018-04-17,Suryodaya Laghubitta Bittiya Sanstha Ltd.,1450,1345,1370,1421,300
2018-04-19,Suryodaya Laghubitta Bittiya Sanstha Ltd.,1421,1421,1393,1393,60
2018-04-24,Suryodaya Laghubitta Bittiya Sanstha Ltd.,1451,1480,1422,1450,160
2018-04-25,Suryodaya Laghubitta Bittiya Sanstha Ltd.,1425,1450,1397,1397,50
2018-04-29,Suryodaya Laghubitta Bittiya Sanstha Ltd.,1360,1317,1323,1349,367
2018-05-02,Suryodaya Laghubitta Bittiya Sanstha Ltd.,1397,1349,1350,1397,330
2018-05-06,Suryodaya Laghubitta Bittiya Sanstha Ltd.,1500,1530,1450,1455,467
2018-05-08,Suryodaya Laghubitta Bittiya Sanstha Ltd.,1518,1440,1425,1518,950
2018-05-10,Suryodaya Laghubitta Bittiya Sanstha Ltd.,1500,1519,1480,1486,230
2018-05-16,Suryodaya Laghubitta Bittiya Sanstha Ltd.,1499,1480,1465,1499,930
2018-05-17,Suryodaya Laghubitta Bittiya Sanstha Ltd.,1520,1499,1485,1486,351
2018-05-22,Suryodaya Laghubitta Bittiya Sanstha Ltd.,1688,1535,1502,1688,820
2018-05-23,Suryodaya Laghubitta Bittiya Sanstha Ltd.,1754,1688,1623,1748,420
2018-05-27,Suryodaya Laghubitta Bittiya Sanstha Ltd.,1660,1692,1592,1660,350
2018-05-29,Suryodaya Laghubitta Bittiya Sanstha Ltd.,1677,1710,1612,1612,810
2018-05-31,Suryodaya Laghubitta Bittiya Sanstha Ltd.,1682,1648,1595,1682,817
2018-06-04,Suryodaya Laghubitta Bittiya Sanstha Ltd.,1600,1600,1568,1572,200
2018-06-07,Suryodaya Laghubitta Bittiya Sanstha Ltd.,1580,1605,1551,1551,161
2018-06-10,Suryodaya Laghubitta Bittiya Sanstha Ltd.,1551,1551,1535,1535,236
2018-06-12,Suryodaya Laghubitta Bittiya Sanstha Ltd.,1600,1588,1558,1600,130
2018-06-14,Suryodaya Laghubitta Bittiya Sanstha Ltd.,1627,1578,1551,1606,360
2018-06-17,Suryodaya Laghubitta Bittiya Sanstha Ltd.,1610,1606,1580,1580,150
2018-06-19,Suryodaya Laghubitta Bittiya Sanstha Ltd.,1611,1611,1581,1581,130
2018-06-20,Suryodaya Laghubitta Bittiya Sanstha Ltd.,1556,1581,1556,1556,20
2018-06-24,Suryodaya Laghubitta Bittiya Sanstha Ltd.,1617,1580,1555,1599,300
2018-06-27,Suryodaya Laghubitta Bittiya Sanstha Ltd.,1560,1540,1517,1560,140
2018-06-28,Suryodaya Laghubitta Bittiya Sanstha Ltd.,1591,1560,1550,1560,190
2018-07-04,Suryodaya Laghubitta Bittiya Sanstha Ltd.,1490,1461,1460,1490,531
2018-07-08,Suryodaya Laghubitta Bittiya Sanstha Ltd.,1599,1590,1538,1544,264
2018-07-11,Suryodaya Laghubitta Bittiya Sanstha Ltd.,1598,1499,1528,1541,919
2018-07-12,Suryodaya Laghubitta Bittiya Sanstha Ltd.,1535,1541,1481,1500,384
2018-07-15,Suryodaya Laghubitta Bittiya Sanstha Ltd.,1530,1500,1486,1515,409
2018-07-16,Suryodaya Laghubitta Bittiya Sanstha Ltd.,1550,1515,1500,1550,539
2018-07-23,Suryodaya Laghubitta Bittiya Sanstha Ltd.,1524,1470,1465,1524,154
2018-07-29,Suryodaya Laghubitta Bittiya Sanstha Ltd.,1485,1485,1471,1485,79
2018-08-01,Suryodaya Laghubitta Bittiya Sanstha Ltd.,1462,1441,1435,1462,238
2018-08-07,Suryodaya Laghubitta Bittiya Sanstha Ltd.,1450,1424,1421,1421,919
2018-08-08,Suryodaya Laghubitta Bittiya Sanstha Ltd.,1425,1421,1380,1380,367
2018-08-09,Suryodaya Laghubitta Bittiya Sanstha Ltd.,1407,1380,1380,1385,401
2018-08-12,Suryodaya Laghubitta Bittiya Sanstha Ltd.,1362,1385,1330,1330,721
2018-08-13,Suryodaya Laghubitta Bittiya Sanstha Ltd.,1356,1330,1320,1356,201
2018-08-16,Suryodaya Laghubitta Bittiya Sanstha Ltd.,1470,1471,1443,1450,747
2018-08-21,Suryodaya Laghubitta Bittiya Sanstha Ltd.,1473,1445,1445,1460,352
2018-08-23,Suryodaya Laghubitta Bittiya Sanstha Ltd.,1489,1461,1432,1489,714
2018-08-26,Suryodaya Laghubitta Bittiya Sanstha Ltd.,1530,1489,1460,1530,2679
2018-08-30,Suryodaya Laghubitta Bittiya Sanstha Ltd.,1539,1539,1509,1539,124
2018-09-06,Suryodaya Laghubitta Bittiya Sanstha Ltd.,1640,1570,1545,1598,2329
2018-09-11,Suryodaya Laghubitta Bittiya Sanstha Ltd.,1800,1680,1676,1786,4283
2018-09-12,Suryodaya Laghubitta Bittiya Sanstha Ltd.,1751,1786,1718,1740,413
2018-09-16,Suryodaya Laghubitta Bittiya Sanstha Ltd.,1903,1760,1752,1762,7707
2018-09-18,Suryodaya Laghubitta Bittiya Sanstha Ltd.,1780,1760,1750,1750,597
2018-09-23,Suryodaya Laghubitta Bittiya Sanstha Ltd.,1747,1706,1680,1719,1499
2018-09-26,Suryodaya Laghubitta Bittiya Sanstha Ltd.,1700,1710,1650,1700,469
2018-09-30,Suryodaya Laghubitta Bittiya Sanstha Ltd.,1700,1685,1670,1675,406
2018-10-01,Suryodaya Laghubitta Bittiya Sanstha Ltd.,1708,1675,1660,1665,198
2018-10-02,Suryodaya Laghubitta Bittiya Sanstha Ltd.,1670,1665,1650,1660,362
2018-10-03,Suryodaya Laghubitta Bittiya Sanstha Ltd.,1670,1660,1645,1655,265
2018-10-04,Suryodaya Laghubitta Bittiya Sanstha Ltd.,1685,1655,1626,1630,478
2018-10-09,Suryodaya Laghubitta Bittiya Sanstha Ltd.,1610,1605,1573,1595,495
2018-10-10,Suryodaya Laghubitta Bittiya Sanstha Ltd.,1592,1595,1591,1591,160
2018-10-14,Suryodaya Laghubitta Bittiya Sanstha Ltd.,1622,1615,1615,1622,78
2018-10-15,Suryodaya Laghubitta Bittiya Sanstha Ltd.,1645,1622,1611,1645,182
2018-10-21,Suryodaya Laghubitta Bittiya Sanstha Ltd.,1680,1645,1630,1630,245
2018-10-22,Suryodaya Laghubitta Bittiya Sanstha Ltd.,1630,1630,1630,1630,18
2018-10-24,Suryodaya Laghubitta Bittiya Sanstha Ltd.,1603,1630,1603,1603,19
2018-10-28,Suryodaya Laghubitta Bittiya Sanstha Ltd.,1602,1603,1570,1570,124
2018-10-30,Suryodaya Laghubitta Bittiya Sanstha Ltd.,1580,1581,1575,1580,80
2018-11-04,Suryodaya Laghubitta Bittiya Sanstha Ltd.,1552,1553,1522,1552,46
2018-11-13,Suryodaya Laghubitta Bittiya Sanstha Ltd.,1581,1551,1551,1581,34
2018-11-14,Suryodaya Laghubitta Bittiya Sanstha Ltd.,1581,1581,1565,1580,176
2018-11-15,Suryodaya Laghubitta Bittiya Sanstha Ltd.,1650,1580,1580,1620,1286
2018-11-18,Suryodaya Laghubitta Bittiya Sanstha Ltd.,1620,1620,1588,1585,206
2018-11-20,Suryodaya Laghubitta Bittiya Sanstha Ltd.,1577,1561,1546,1577,87
2018-11-28,Suryodaya Laghubitta Bittiya Sanstha Ltd.,1570,1540,1500,1500,1111
2018-11-29,Suryodaya Laghubitta Bittiya Sanstha Ltd.,1500,1500,1480,1480,134
2018-12-02,Suryodaya Laghubitta Bittiya Sanstha Ltd.,1480,1480,1446,1446,282
2018-12-03,Suryodaya Laghubitta Bittiya Sanstha Ltd.,1455,1446,1419,1430,2628
2018-12-04,Suryodaya Laghubitta Bittiya Sanstha Ltd.,1475,1430,1430,1446,509
2018-12-12,Suryodaya Laghubitta Bittiya Sanstha Ltd.,981,980,980,980,25
2018-12-13,Suryodaya Laghubitta Bittiya Sanstha Ltd.,980,980,945,945,131
2018-12-16,Suryodaya Laghubitta Bittiya Sanstha Ltd.,982,945,945,965,104
2018-12-19,Suryodaya Laghubitta Bittiya Sanstha Ltd.,1029,990,990,1029,286
2018-12-25,Suryodaya Laghubitta Bittiya Sanstha Ltd.,997,997,970,970,148
2018-12-26,Suryodaya Laghubitta Bittiya Sanstha Ltd.,1065,970,951,1020,678
2018-12-27,Suryodaya Laghubitta Bittiya Sanstha Ltd.,1069,1020,1000,1020,2080
2018-12-30,Suryodaya Laghubitta Bittiya Sanstha Ltd.,1055,1020,1015,1036,499
2018-12-31,Suryodaya Laghubitta Bittiya Sanstha Ltd.,1036,1036,1006,1020,510
2019-01-01,Suryodaya Laghubitta Bittiya Sanstha Ltd.,1020,1020,1017,1017,10
2019-01-03,Suryodaya Laghubitta Bittiya Sanstha Ltd.,1090,1055,1049,1049,1181
2019-01-06,Suryodaya Laghubitta Bittiya Sanstha Ltd.,1049,1049,1023,1023,28
2019-01-08,Suryodaya Laghubitta Bittiya Sanstha Ltd.,1050,1050,1036,1036,48
2019-01-10,Suryodaya Laghubitta Bittiya Sanstha Ltd.,1036,1036,1036,1036,21
2019-01-16,Suryodaya Laghubitta Bittiya Sanstha Ltd.,1065,1025,1025,1050,235
2019-01-13,Suryodaya Laghubitta Bittiya Sanstha Ltd.,1036,1036,1021,1021,11
2019-01-15,Suryodaya Laghubitta Bittiya Sanstha Ltd.,1025,1006,1006,1025,18
2019-01-14,Suryodaya Laghubitta Bittiya Sanstha Ltd.,1021,1021,1006,1006,44
2019-01-17,Suryodaya Laghubitta Bittiya Sanstha Ltd.,1092,1050,1050,1051,198
2019-01-20,Suryodaya Laghubitta Bittiya Sanstha Ltd.,1051,1051,1030,1030,61
2019-01-21,Suryodaya Laghubitta Bittiya Sanstha Ltd.,1030,1030,1010,1010,18
2019-01-22,Suryodaya Laghubitta Bittiya Sanstha Ltd.,1030,1010,1010,1030,10
2019-01-23,Suryodaya Laghubitta Bittiya Sanstha Ltd.,1030,1030,1016,1016,501
2019-01-28,Suryodaya Laghubitta Bittiya Sanstha Ltd.,1005,1002,1002,1005,10
2019-01-24,Suryodaya Laghubitta Bittiya Sanstha Ltd.,1035,1016,996,1002,644
2019-01-27,Suryodaya Laghubitta Bittiya Sanstha Ltd.,1002,1002,983,1002,28
2019-01-29,Suryodaya Laghubitta Bittiya Sanstha Ltd.,1025,1005,991,991,80
2019-02-12,Suryodaya Laghubitta Bittiya Sanstha Ltd.,1000,1000,1000,1000,101
2019-01-30,Suryodaya Laghubitta Bittiya Sanstha Ltd.,1005,991,991,1005,36
2019-01-31,Suryodaya Laghubitta Bittiya Sanstha Ltd.,1025,1005,1005,1010,108
2019-02-03,Suryodaya Laghubitta Bittiya Sanstha Ltd.,1030,1010,991,1030,238
2019-02-04,Suryodaya Laghubitta Bittiya Sanstha Ltd.,1030,1030,1015,1015,615
2019-02-07,Suryodaya Laghubitta Bittiya Sanstha Ltd.,1030,1030,1010,1010,36
2019-02-05,Suryodaya Laghubitta Bittiya Sanstha Ltd.,1031,1015,1014,1031,197
2019-02-06,Suryodaya Laghubitta Bittiya Sanstha Ltd.,1045,1031,1030,1030,146
2019-02-10,Suryodaya Laghubitta Bittiya Sanstha Ltd.,1010,1010,1000,1000,156
2019-02-11,Suryodaya Laghubitta Bittiya Sanstha Ltd.,1015,1000,1000,1000,148
2019-02-17,Suryodaya Laghubitta Bittiya Sanstha Ltd.,990,990,990,990,10
2019-02-13,Suryodaya Laghubitta Bittiya Sanstha Ltd.,1000,1000,980,999,88
2019-02-14,Suryodaya Laghubitta Bittiya Sanstha Ltd.,999,999,980,990,90
2019-02-24,Suryodaya Laghubitta Bittiya Sanstha Ltd.,966,966,948,948,47
2019-02-20,Suryodaya Laghubitta Bittiya Sanstha Ltd.,1010,986,986,991,164
2019-02-21,Suryodaya Laghubitta Bittiya Sanstha Ltd.,991,991,966,966,554
2019-02-18,Suryodaya Laghubitta Bittiya Sanstha Ltd.,999,990,990,999,18
2019-02-19,Suryodaya Laghubitta Bittiya Sanstha Ltd.,1007,999,986,986,126
2019-02-27,Suryodaya Laghubitta Bittiya Sanstha Ltd.,930,930,921,922,83
2019-02-25,Suryodaya Laghubitta Bittiya Sanstha Ltd.,948,948,930,932,73
2019-02-26,Suryodaya Laghubitta Bittiya Sanstha Ltd.,932,932,921,930,133
2019-03-03,Suryodaya Laghubitta Bittiya Sanstha Ltd.,922,922,901,901,30
2019-03-06,Suryodaya Laghubitta Bittiya Sanstha Ltd.,960,959,959,960,22
2019-03-05,Suryodaya Laghubitta Bittiya Sanstha Ltd.,959,901,901,959,242
2019-03-07,Suryodaya Laghubitta Bittiya Sanstha Ltd.,979,960,951,979,381
2019-03-19,Suryodaya Laghubitta Bittiya Sanstha Ltd.,927,927,927,927,1
2019-03-14,Suryodaya Laghubitta Bittiya Sanstha Ltd.,960,957,960,960,50
2019-03-11,Suryodaya Laghubitta Bittiya Sanstha Ltd.,979,979,945,960,95
2019-03-12,Suryodaya Laghubitta Bittiya Sanstha Ltd.,960,960,960,960,18
2019-03-13,Suryodaya Laghubitta Bittiya Sanstha Ltd.,960,960,950,957,104
2019-03-17,Suryodaya Laghubitta Bittiya Sanstha Ltd.,951,960,927,927,128
2019-03-28,Suryodaya Laghubitta Bittiya Sanstha Ltd.,907,877,877,907,33
2019-03-21,Suryodaya Laghubitta Bittiya Sanstha Ltd.,910,927,900,909,84
2019-03-24,Suryodaya Laghubitta Bittiya Sanstha Ltd.,891,909,880,881,149
2019-03-25,Suryodaya Laghubitta Bittiya Sanstha Ltd.,888,881,871,871,104
2019-03-26,Suryodaya Laghubitta Bittiya Sanstha Ltd.,888,871,872,875,64
2019-03-27,Suryodaya Laghubitta Bittiya Sanstha Ltd.,877,875,860,877,20
2019-04-02,Suryodaya Laghubitta Bittiya Sanstha Ltd.,855,855,855,855,44
2019-03-31,Suryodaya Laghubitta Bittiya Sanstha Ltd.,907,907,905,905,19
2019-04-01,Suryodaya Laghubitta Bittiya Sanstha Ltd.,895,905,848,855,224
2019-04-03,Suryodaya Laghubitta Bittiya Sanstha Ltd.,854,855,838,839,146
2019-04-04,Suryodaya Laghubitta Bittiya Sanstha Ltd.,877,839,830,877,116
2019-04-08,Suryodaya Laghubitta Bittiya Sanstha Ltd.,943,877,885,943,272
2019-04-07,Suryodaya Laghubitta Bittiya Sanstha Ltd.,877,877,877,877,11
2019-04-18,Suryodaya Laghubitta Bittiya Sanstha Ltd.,900,899,899,900,33
2019-04-09,Suryodaya Laghubitta Bittiya Sanstha Ltd.,950,943,915,915,107
2019-04-10,Suryodaya Laghubitta Bittiya Sanstha Ltd.,933,915,897,933,244
2019-04-16,Suryodaya Laghubitta Bittiya Sanstha Ltd.,916,900,882,916,72
2019-04-11,Suryodaya Laghubitta Bittiya Sanstha Ltd.,935,933,917,917,62
2019-04-15,Suryodaya Laghubitta Bittiya Sanstha Ltd.,900,917,900,900,28
2019-04-17,Suryodaya Laghubitta Bittiya Sanstha Ltd.,899,916,899,899,46
2019-04-21,Suryodaya Laghubitta Bittiya Sanstha Ltd.,950,900,918,950,130
2019-04-28,Suryodaya Laghubitta Bittiya Sanstha Ltd.,980,975,961,965,200
2019-04-22,Suryodaya Laghubitta Bittiya Sanstha Ltd.,969,950,950,950,120
2019-04-23,Suryodaya Laghubitta Bittiya Sanstha Ltd.,969,950,960,969,124
2019-04-25,Suryodaya Laghubitta Bittiya Sanstha Ltd.,988,969,970,975,109
2019-05-02,Suryodaya Laghubitta Bittiya Sanstha Ltd.,989,1009,951,970,77
2019-05-05,Suryodaya Laghubitta Bittiya Sanstha Ltd.,989,970,970,970,125
2019-04-29,Suryodaya Laghubitta Bittiya Sanstha Ltd.,1023,965,960,1010,362
2019-04-30,Suryodaya Laghubitta Bittiya Sanstha Ltd.,1030,1010,990,1009,712
2019-05-06,Suryodaya Laghubitta Bittiya Sanstha Ltd.,986,970,967,967,21
2019-05-07,Suryodaya Laghubitta Bittiya Sanstha Ltd.,966,967,965,965,29
2019-05-09,Suryodaya Laghubitta Bittiya Sanstha Ltd.,983,1003,964,964,50
2019-05-08,Suryodaya Laghubitta Bittiya Sanstha Ltd.,1003,965,984,1003,20
2019-05-12,Suryodaya Laghubitta Bittiya Sanstha Ltd.,945,964,894,894,468
2019-05-14,Suryodaya Laghubitta Bittiya Sanstha Ltd.,885,900,820,832,930
2019-05-13,Suryodaya Laghubitta Bittiya Sanstha Ltd.,915,894,891,900,238
2019-05-15,Suryodaya Laghubitta Bittiya Sanstha Ltd.,870,832,816,870,222
2019-05-19,Suryodaya Laghubitta Bittiya Sanstha Ltd.,850,853,820,836,380
2019-05-16,Suryodaya Laghubitta Bittiya Sanstha Ltd.,853,870,853,853,10
2019-05-20,Suryodaya Laghubitta Bittiya Sanstha Ltd.,850,836,821,821,314
2019-05-21,Suryodaya Laghubitta Bittiya Sanstha Ltd.,837,821,810,822,84
2019-05-27,Suryodaya Laghubitta Bittiya Sanstha Ltd.,850,850,834,834,118
2019-05-26,Suryodaya Laghubitta Bittiya Sanstha Ltd.,850,851,850,850,10
2019-05-22,Suryodaya Laghubitta Bittiya Sanstha Ltd.,838,822,834,835,238
2019-05-23,Suryodaya Laghubitta Bittiya Sanstha Ltd.,851,835,830,851,146
2019-05-28,Suryodaya Laghubitta Bittiya Sanstha Ltd.,835,834,811,811,114
2019-05-29,Suryodaya Laghubitta Bittiya Sanstha Ltd.,830,811,820,830,47
2019-05-30,Suryodaya Laghubitta Bittiya Sanstha Ltd.,832,830,815,832,208
2019-06-03,Suryodaya Laghubitta Bittiya Sanstha Ltd.,820,832,819,820,36
2019-06-24,Suryodaya Laghubitta Bittiya Sanstha Ltd.,720,724,715,715,36
2019-06-11,Suryodaya Laghubitta Bittiya Sanstha Ltd.,778,790,752,755,512
2019-06-13,Suryodaya Laghubitta Bittiya Sanstha Ltd.,740,740,726,735,421
2019-06-16,Suryodaya Laghubitta Bittiya Sanstha Ltd.,729,735,725,728,492
2019-06-18,Suryodaya Laghubitta Bittiya Sanstha Ltd.,713,713,700,713,63
2019-06-04,Suryodaya Laghubitta Bittiya Sanstha Ltd.,820,820,804,820,84
2019-06-06,Suryodaya Laghubitta Bittiya Sanstha Ltd.,804,820,804,804,70
2019-06-10,Suryodaya Laghubitta Bittiya Sanstha Ltd.,790,804,788,790,241
2019-06-12,Suryodaya Laghubitta Bittiya Sanstha Ltd.,742,755,721,740,1434
2019-06-17,Suryodaya Laghubitta Bittiya Sanstha Ltd.,715,728,704,713,191
2019-06-19,Suryodaya Laghubitta Bittiya Sanstha Ltd.,700,713,687,697,251
2019-06-20,Suryodaya Laghubitta Bittiya Sanstha Ltd.,710,697,690,710,99
2019-06-23,Suryodaya Laghubitta Bittiya Sanstha Ltd.,724,710,724,724,10
2019-06-30,Suryodaya Laghubitta Bittiya Sanstha Ltd.,710,710,699,699,181
2019-06-27,Suryodaya Laghubitta Bittiya Sanstha Ltd.,710,720,700,710,85
2019-06-25,Suryodaya Laghubitta Bittiya Sanstha Ltd.,717,715,712,712,47
2019-06-26,Suryodaya Laghubitta Bittiya Sanstha Ltd.,720,712,720,720,18
2019-07-01,Suryodaya Laghubitta Bittiya Sanstha Ltd.,687,699,674,679,79
2019-07-02,Suryodaya Laghubitta Bittiya Sanstha Ltd.,667,679,651,667,113
2019-07-03,Suryodaya Laghubitta Bittiya Sanstha Ltd.,721,667,680,721,231
2019-07-04,Suryodaya Laghubitta Bittiya Sanstha Ltd.,793,721,735,793,303
2020-07-06,Suryodaya Laghubitta Bittiya Sanstha Ltd.,663,603,615,663,110
2020-07-05,Suryodaya Laghubitta Bittiya Sanstha Ltd.,603,548.87,559,603,80
2020-07-08,Suryodaya Laghubitta Bittiya Sanstha Ltd.,801,729,743,801,428
2020-07-13,Suryodaya Laghubitta Bittiya Sanstha Ltd.,1065,969,988,1065,4660
2020-07-07,Suryodaya Laghubitta Bittiya Sanstha Ltd.,729,663,676,729,2820
2020-07-12,Suryodaya Laghubitta Bittiya Sanstha Ltd.,969,881,898,969,7862
2020-07-09,Suryodaya Laghubitta Bittiya Sanstha Ltd.,881,801,817,881,260
2020-07-14,Suryodaya Laghubitta Bittiya Sanstha Ltd.,1167,1065,1070,1080,7090
2020-07-15,Suryodaya Laghubitta Bittiya Sanstha Ltd.,1089,1080,1036,1044,2990
2020-07-16,Suryodaya Laghubitta Bittiya Sanstha Ltd.,1085,1044,1024,1060,2871
2020-07-19,Suryodaya Laghubitta Bittiya Sanstha Ltd.,1102,1060,1081,1102,97
2020-07-30,Suryodaya Laghubitta Bittiya Sanstha Ltd.,990,985,968,990,1472
2020-07-28,Suryodaya Laghubitta Bittiya Sanstha Ltd.,1023,1013,993,1004,1724
2020-07-20,Suryodaya Laghubitta Bittiya Sanstha Ltd.,1100,1102,1029,1047,2866
2020-07-21,Suryodaya Laghubitta Bittiya Sanstha Ltd.,1038,1047,995,1009,3466
2020-07-22,Suryodaya Laghubitta Bittiya Sanstha Ltd.,1020,1009,990,991,3022
2020-07-23,Suryodaya Laghubitta Bittiya Sanstha Ltd.,1033,991,982,1004,2784
2020-07-26,Suryodaya Laghubitta Bittiya Sanstha Ltd.,1011,1004,992,1010,2202
2020-07-27,Suryodaya Laghubitta Bittiya Sanstha Ltd.,1030,1010,1011,1013,2174
2020-07-29,Suryodaya Laghubitta Bittiya Sanstha Ltd.,1010,1004,957,985,4834
2020-08-02,Suryodaya Laghubitta Bittiya Sanstha Ltd.,977,990,950,953,1667
2020-08-03,Suryodaya Laghubitta Bittiya Sanstha Ltd.,970,953,940,963,1405
2020-08-05,Suryodaya Laghubitta Bittiya Sanstha Ltd.,963,963,930,937,516
2020-08-11,Suryodaya Laghubitta Bittiya Sanstha Ltd.,963,963,944,963,792
2020-08-06,Suryodaya Laghubitta Bittiya Sanstha Ltd.,940,937,920,931,659
2020-08-09,Suryodaya Laghubitta Bittiya Sanstha Ltd.,933,931,913,933,1060
2020-08-10,Suryodaya Laghubitta Bittiya Sanstha Ltd.,963,933,933,963,1652
2020-08-12,Suryodaya Laghubitta Bittiya Sanstha Ltd.,963,963,944,951,868
2020-08-13,Suryodaya Laghubitta Bittiya Sanstha Ltd.,951,951,933,933,858
2020-08-17,Suryodaya Laghubitta Bittiya Sanstha Ltd.,895,898,882,894,508
2020-08-16,Suryodaya Laghubitta Bittiya Sanstha Ltd.,920,933,898,898,3018
2020-08-19,Suryodaya Laghubitta Bittiya Sanstha Ltd.,905,905,889,900,159
2020-08-18,Suryodaya Laghubitta Bittiya Sanstha Ltd.,905,894,890,905,253
2020-08-20,Suryodaya Laghubitta Bittiya Sanstha Ltd.,935,900,900,935,339
2020-09-02,Suryodaya Laghubitta Bittiya Sanstha Ltd.,964,945,938,940,2524
2020-08-23,Suryodaya Laghubitta Bittiya Sanstha Ltd.,935,935,899,918,1074
2020-08-24,Suryodaya Laghubitta Bittiya Sanstha Ltd.,951,918,900,939,859
2020-08-25,Suryodaya Laghubitta Bittiya Sanstha Ltd.,953,939,925,950,874
2020-08-26,Suryodaya Laghubitta Bittiya Sanstha Ltd.,973,950,936,973,1633
2020-08-27,Suryodaya Laghubitta Bittiya Sanstha Ltd.,985,973,948,965,2670
2020-08-30,Suryodaya Laghubitta Bittiya Sanstha Ltd.,960,965,930,952,792
2020-08-31,Suryodaya Laghubitta Bittiya Sanstha Ltd.,950,952,933,945,711
2020-09-03,Suryodaya Laghubitta Bittiya Sanstha Ltd.,948,940,929,930,1501
2020-09-06,Suryodaya Laghubitta Bittiya Sanstha Ltd.,976,930,922,922,797
2020-09-07,Suryodaya Laghubitta Bittiya Sanstha Ltd.,930,922,911,930,745
2020-09-08,Suryodaya Laghubitta Bittiya Sanstha Ltd.,958,930,930,958,1901
2020-09-15,Suryodaya Laghubitta Bittiya Sanstha Ltd.,990,990,971,977,1697
2020-09-10,Suryodaya Laghubitta Bittiya Sanstha Ltd.,1001,982,965,1000,1842
2020-09-09,Suryodaya Laghubitta Bittiya Sanstha Ltd.,996,958,961,982,3676
2020-09-13,Suryodaya Laghubitta Bittiya Sanstha Ltd.,1000,1000,980,998,1005
2020-09-14,Suryodaya Laghubitta Bittiya Sanstha Ltd.,1017,998,980,990,894
2020-09-20,Suryodaya Laghubitta Bittiya Sanstha Ltd.,975,984,954,967,721
2020-09-17,Suryodaya Laghubitta Bittiya Sanstha Ltd.,988,979,961,984,1241
2020-09-24,Suryodaya Laghubitta Bittiya Sanstha Ltd.,1013,951,951,968,1919
2020-09-23,Suryodaya Laghubitta Bittiya Sanstha Ltd.,969,951,948,951,1715
2020-09-16,Suryodaya Laghubitta Bittiya Sanstha Ltd.,979,977,964,979,428
2020-09-21,Suryodaya Laghubitta Bittiya Sanstha Ltd.,975,967,951,975,3241
2020-09-22,Suryodaya Laghubitta Bittiya Sanstha Ltd.,975,975,940,951,1302
2020-09-27,Suryodaya Laghubitta Bittiya Sanstha Ltd.,968,968,954,964,701
2020-09-28,Suryodaya Laghubitta Bittiya Sanstha Ltd.,960,964,943,943,1937
2020-10-01,Suryodaya Laghubitta Bittiya Sanstha Ltd.,950,942,926,938,450
2020-09-29,Suryodaya Laghubitta Bittiya Sanstha Ltd.,943,943,925,943,909
2020-09-30,Suryodaya Laghubitta Bittiya Sanstha Ltd.,961,943,931,942,1196
2020-10-06,Suryodaya Laghubitta Bittiya Sanstha Ltd.,958,954,937,958,1375
2020-10-04,Suryodaya Laghubitta Bittiya Sanstha Ltd.,950,938,930,950,1131
2020-10-05,Suryodaya Laghubitta Bittiya Sanstha Ltd.,954,950,934,954,2784
2020-10-15,Suryodaya Laghubitta Bittiya Sanstha Ltd.,922,920,907,922,957
2020-10-07,Suryodaya Laghubitta Bittiya Sanstha Ltd.,975,958,946,975,645
2020-10-08,Suryodaya Laghubitta Bittiya Sanstha Ltd.,956,975,940,940,2157
2020-10-11,Suryodaya Laghubitta Bittiya Sanstha Ltd.,945,940,926,931,543
2020-10-12,Suryodaya Laghubitta Bittiya Sanstha Ltd.,935,931,921,926,507
2020-10-13,Suryodaya Laghubitta Bittiya Sanstha Ltd.,949,926,927,927,497
2020-10-14,Suryodaya Laghubitta Bittiya Sanstha Ltd.,935,927,914,920,485
2020-10-18,Suryodaya Laghubitta Bittiya Sanstha Ltd.,920,922,912,914,221
2020-10-21,Suryodaya Laghubitta Bittiya Sanstha Ltd.,930,921,918,930,86
2020-10-19,Suryodaya Laghubitta Bittiya Sanstha Ltd.,929,914,906,929,236
2020-10-20,Suryodaya Laghubitta Bittiya Sanstha Ltd.,931,929,920,921,380
2020-10-22,Suryodaya Laghubitta Bittiya Sanstha Ltd.,925,930,915,915,920
2020-11-02,Suryodaya Laghubitta Bittiya Sanstha Ltd.,969,950,945,969,1337
2020-10-28,Suryodaya Laghubitta Bittiya Sanstha Ltd.,933,915,920,933,505
2020-10-29,Suryodaya Laghubitta Bittiya Sanstha Ltd.,943,933,921,942,695
2020-11-01,Suryodaya Laghubitta Bittiya Sanstha Ltd.,960,942,935,950,565
2020-11-04,Suryodaya Laghubitta Bittiya Sanstha Ltd.,1005,975,960,980,605
2020-11-03,Suryodaya Laghubitta Bittiya Sanstha Ltd.,979,969,962,975,713
2020-11-10,Suryodaya Laghubitta Bittiya Sanstha Ltd.,965,971,950,959,1976
2020-11-08,Suryodaya Laghubitta Bittiya Sanstha Ltd.,972,970,953,965,845
2020-11-05,Suryodaya Laghubitta Bittiya Sanstha Ltd.,976,980,960,970,2191
2020-11-09,Suryodaya Laghubitta Bittiya Sanstha Ltd.,975,965,966,971,1549
2020-11-11,Suryodaya Laghubitta Bittiya Sanstha Ltd.,954,959,941,950,1284
2020-11-12,Suryodaya Laghubitta Bittiya Sanstha Ltd.,959,950,931,931,4064
2020-11-23,Suryodaya Laghubitta Bittiya Sanstha Ltd.,965,947,947,947,412
2020-11-18,Suryodaya Laghubitta Bittiya Sanstha Ltd.,934,931,916,927,520
2020-11-19,Suryodaya Laghubitta Bittiya Sanstha Ltd.,959,927,921,957,2011
2020-11-22,Suryodaya Laghubitta Bittiya Sanstha Ltd.,995,957,947,947,2897
2020-11-30,Suryodaya Laghubitta Bittiya Sanstha Ltd.,1015,976,929,987,2595
2020-11-24,Suryodaya Laghubitta Bittiya Sanstha Ltd.,953,947,946,951,1936
2020-11-25,Suryodaya Laghubitta Bittiya Sanstha Ltd.,990,951,937,985,2666
2020-11-26,Suryodaya Laghubitta Bittiya Sanstha Ltd.,1020,985,950,980,3189
2020-11-29,Suryodaya Laghubitta Bittiya Sanstha Ltd.,984,980,970,976,1360
2020-12-03,Suryodaya Laghubitta Bittiya Sanstha Ltd.,1126,1040,1060,1090,12479
2020-12-02,Suryodaya Laghubitta Bittiya Sanstha Ltd.,1079,983,938,1040,7107
2020-12-01,Suryodaya Laghubitta Bittiya Sanstha Ltd.,1004,987,970,983,1803
2020-12-08,Suryodaya Laghubitta Bittiya Sanstha Ltd.,1122,1113,1079,1105,2802
2020-12-06,Suryodaya Laghubitta Bittiya Sanstha Ltd.,1146,1090,1034,1034,7942
2020-12-07,Suryodaya Laghubitta Bittiya Sanstha Ltd.,1113,1034,1000,1113,3578
2020-12-09,Suryodaya Laghubitta Bittiya Sanstha Ltd.,1105,1105,1045,1055,1395
2020-12-10,Suryodaya Laghubitta Bittiya Sanstha Ltd.,1068,1055,1045,1060,1087
2020-12-14,Suryodaya Laghubitta Bittiya Sanstha Ltd.,1154,1060,1081,1150,9224
2020-12-15,Suryodaya Laghubitta Bittiya Sanstha Ltd.,1258,1150,1173,1235,11363
2020-12-13,Suryodaya Laghubitta Bittiya Sanstha Ltd.,1086,1060,1045,1060,2370
2020-12-21,Suryodaya Laghubitta Bittiya Sanstha Ltd.,1300,1287,1159,1290,6092
2020-12-16,Suryodaya Laghubitta Bittiya Sanstha Ltd.,1357,1235,1259,1357,12333
2020-12-17,Suryodaya Laghubitta Bittiya Sanstha Ltd.,1492,1357,1355,1430,12173
2020-12-20,Suryodaya Laghubitta Bittiya Sanstha Ltd.,1455,1430,1287,1287,11766
2020-12-22,Suryodaya Laghubitta Bittiya Sanstha Ltd.,1387,1290,1302,1350,3204
2020-12-23,Suryodaya Laghubitta Bittiya Sanstha Ltd.,1428,1350,1315,1320,2883
2020-12-24,Suryodaya Laghubitta Bittiya Sanstha Ltd.,1330,1320,1270,1286,5367
2020-12-29,Suryodaya Laghubitta Bittiya Sanstha Ltd.,1308,1330,1290,1290,2006
2020-12-27,Suryodaya Laghubitta Bittiya Sanstha Ltd.,1325,1286,1300,1313,5568
2020-12-28,Suryodaya Laghubitta Bittiya Sanstha Ltd.,1330,1313,1295,1330,3378
2020-12-30,Suryodaya Laghubitta Bittiya Sanstha Ltd.,1330,1290,1271,1326,1558
2021-01-05,Suryodaya Laghubitta Bittiya Sanstha Ltd.,1327,1320,1305,1305,795
2021-01-03,Suryodaya Laghubitta Bittiya Sanstha Ltd.,1315,1301,1289,1315,2490
2020-12-31,Suryodaya Laghubitta Bittiya Sanstha Ltd.,1350,1326,1296,1301,2994
2021-01-04,Suryodaya Laghubitta Bittiya Sanstha Ltd.,1375,1315,1305,1320,3806
2021-01-06,Suryodaya Laghubitta Bittiya Sanstha Ltd.,1346,1305,1279,1319,2743
2021-01-07,Suryodaya Laghubitta Bittiya Sanstha Ltd.,1345,1319,1300,1322,4905
2021-01-13,Suryodaya Laghubitta Bittiya Sanstha Ltd.,1385,1340,1350,1375,4339
2021-01-10,Suryodaya Laghubitta Bittiya Sanstha Ltd.,1397,1322,1325,1340,3660
2021-01-12,Suryodaya Laghubitta Bittiya Sanstha Ltd.,1350,1335,1332,1340,2896
2021-01-11,Suryodaya Laghubitta Bittiya Sanstha Ltd.,1359,1340,1325,1335,1875
2021-01-21,Suryodaya Laghubitta Bittiya Sanstha Ltd.,1659,1509,1520,1659,8345
2021-01-18,Suryodaya Laghubitta Bittiya Sanstha Ltd.,1498,1414,1430,1440,3005
2021-01-17,Suryodaya Laghubitta Bittiya Sanstha Ltd.,1427,1375,1390,1414,6776
2021-01-19,Suryodaya Laghubitta Bittiya Sanstha Ltd.,1500,1440,1440,1470,7238
2021-01-24,Suryodaya Laghubitta Bittiya Sanstha Ltd.,1692,1659,1613,1622,4260
2021-01-20,Suryodaya Laghubitta Bittiya Sanstha Ltd.,1509,1470,1470,1509,8460
2021-01-27,Suryodaya Laghubitta Bittiya Sanstha Ltd.,1585,1524,1525,1570,4901
2021-01-25,Suryodaya Laghubitta Bittiya Sanstha Ltd.,1645,1622,1550,1568,7650
2021-01-26,Suryodaya Laghubitta Bittiya Sanstha Ltd.,1555,1568,1512,1524,3463
2021-02-04,Suryodaya Laghubitta Bittiya Sanstha Ltd.,1925,1750,1690,1925,12147
2021-01-31,Suryodaya Laghubitta Bittiya Sanstha Ltd.,1750,1727,1640,1650,7167
2021-02-01,Suryodaya Laghubitta Bittiya Sanstha Ltd.,1683,1650,1618,1619,10430
2021-02-02,Suryodaya Laghubitta Bittiya Sanstha Ltd.,1700,1619,1640,1700,9557
2021-01-28,Suryodaya Laghubitta Bittiya Sanstha Ltd.,1727,1570,1595,1727,12761
2021-02-03,Suryodaya Laghubitta Bittiya Sanstha Ltd.,1800,1700,1711,1750,10708
2021-02-07,Suryodaya Laghubitta Bittiya Sanstha Ltd.,2117,1925,2020,2117,1465
2021-02-10,Suryodaya Laghubitta Bittiya Sanstha Ltd.,2276,2275,2230,2231,3185
2021-02-08,Suryodaya Laghubitta Bittiya Sanstha Ltd.,2328,2117,2033,2265,22528
2021-02-09,Suryodaya Laghubitta Bittiya Sanstha Ltd.,2355,2265,2177,2275,9918
2021-02-14,Suryodaya Laghubitta Bittiya Sanstha Ltd.,2160,2106,1917,1978,7890
2021-02-11,Suryodaya Laghubitta Bittiya Sanstha Ltd.,2231,2231,2066,2106,6262
2021-02-15,Suryodaya Laghubitta Bittiya Sanstha Ltd.,2175,1978,2017,2175,3567
2021-02-18,Suryodaya Laghubitta Bittiya Sanstha Ltd.,2100,2100,2065,2065,3125
2021-02-16,Suryodaya Laghubitta Bittiya Sanstha Ltd.,2300,2175,2151,2151,4536
2021-02-21,Suryodaya Laghubitta Bittiya Sanstha Ltd.,2100,2065,2024,2064,3100
2021-03-03,Suryodaya Laghubitta Bittiya Sanstha Ltd.,1860,1860,1733,1760,5211
2021-02-17,Suryodaya Laghubitta Bittiya Sanstha Ltd.,2140,2151,2087,2100,3351
2021-02-22,Suryodaya Laghubitta Bittiya Sanstha Ltd.,2040,2064,1980,1980,3841
2021-02-23,Suryodaya Laghubitta Bittiya Sanstha Ltd.,1980,1980,1859,1975,5180
2021-02-24,Suryodaya Laghubitta Bittiya Sanstha Ltd.,2071,1975,1975,2030,2315
2021-02-25,Suryodaya Laghubitta Bittiya Sanstha Ltd.,2070,2030,1995,2020,4596
2021-02-28,Suryodaya Laghubitta Bittiya Sanstha Ltd.,1985,2020,1906,1910,4537
2021-03-01,Suryodaya Laghubitta Bittiya Sanstha Ltd.,1974,1910,1799,1970,3187
2021-03-02,Suryodaya Laghubitta Bittiya Sanstha Ltd.,1970,1970,1800,1860,2716
2021-03-04,Suryodaya Laghubitta Bittiya Sanstha Ltd.,1936,1760,1790,1936,4153
2021-03-07,Suryodaya Laghubitta Bittiya Sanstha Ltd.,2060,1936,1940,1945,4784
2021-03-09,Suryodaya Laghubitta Bittiya Sanstha Ltd.,1986,1945,1900,1924,2299
2021-03-14,Suryodaya Laghubitta Bittiya Sanstha Ltd.,1890,1919,1810,1844,1875
2021-03-10,Suryodaya Laghubitta Bittiya Sanstha Ltd.,1920,1924,1886,1919,1061
2021-03-17,Suryodaya Laghubitta Bittiya Sanstha Ltd.,1734,1700,1677,1712,4808
2021-03-15,Suryodaya Laghubitta Bittiya Sanstha Ltd.,1860,1844,1756,1759,7542
2021-03-16,Suryodaya Laghubitta Bittiya Sanstha Ltd.,1760,1759,1694,1700,4079
2021-03-21,Suryodaya Laghubitta Bittiya Sanstha Ltd.,1969,1790,1825,1969,5661
2021-03-18,Suryodaya Laghubitta Bittiya Sanstha Ltd.,1824,1712,1746,1790,2770
2021-03-25,Suryodaya Laghubitta Bittiya Sanstha Ltd.,2258,2215,2153,2160,8456
2021-03-22,Suryodaya Laghubitta Bittiya Sanstha Ltd.,2067,1969,1916,1928,4089
2021-03-23,Suryodaya Laghubitta Bittiya Sanstha Ltd.,2110,1928,1936,2089,10098
2021-03-24,Suryodaya Laghubitta Bittiya Sanstha Ltd.,2216,2089,2090,2215,11188
2021-04-04,Suryodaya Laghubitta Bittiya Sanstha Ltd.,1985,1965,1915,1924,2105
2021-03-29,Suryodaya Laghubitta Bittiya Sanstha Ltd.,2200,2160,2123,2152,3640
2021-03-30,Suryodaya Laghubitta Bittiya Sanstha Ltd.,2208,2152,2160,2169,7469
2021-03-31,Suryodaya Laghubitta Bittiya Sanstha Ltd.,2277,2169,2225,2261,22292
2021-04-01,Suryodaya Laghubitta Bittiya Sanstha Ltd.,2041,1960,1965,1965,6358
2021-04-05,Suryodaya Laghubitta Bittiya Sanstha Ltd.,1950,1924,1860,1877,1982
2021-04-08,Suryodaya Laghubitta Bittiya Sanstha Ltd.,1999,1965,1953,1956,1317
2021-04-06,Suryodaya Laghubitta Bittiya Sanstha Ltd.,1877,1877,1844,1861,1490
2021-04-07,Suryodaya Laghubitta Bittiya Sanstha Ltd.,2047,1861,1898,1965,4856
2021-04-13,Suryodaya Laghubitta Bittiya Sanstha Ltd.,1990,1971,1925,1925,2098
2021-04-12,Suryodaya Laghubitta Bittiya Sanstha Ltd.,1993,1956,1956,1971,3109
2021-04-18,Suryodaya Laghubitta Bittiya Sanstha Ltd.,1913,1900,1865,1866,2219
2021-04-15,Suryodaya Laghubitta Bittiya Sanstha Ltd.,1924,1925,1900,1900,1054
2021-04-21,Suryodaya Laghubitta Bittiya Sanstha Ltd.,1908,1847,1835,1859,2861
2021-04-20,Suryodaya Laghubitta Bittiya Sanstha Ltd.,1850,1845,1814,1847,2033
2021-04-19,Suryodaya Laghubitta Bittiya Sanstha Ltd.,1865,1866,1830,1845,2100
2021-04-22,Suryodaya Laghubitta Bittiya Sanstha Ltd.,1883,1859,1840,1875,1525
2021-04-25,Suryodaya Laghubitta Bittiya Sanstha Ltd.,1850,1875,1794,1794,2779
2021-04-27,Suryodaya Laghubitta Bittiya Sanstha Ltd.,1857,1750,1760,1857,2346
2021-04-26,Suryodaya Laghubitta Bittiya Sanstha Ltd.,1780,1794,1750,1750,1894
2021-04-29,Suryodaya Laghubitta Bittiya Sanstha Ltd.,1857,1845,1801,1857,1297
2021-04-28,Suryodaya Laghubitta Bittiya Sanstha Ltd.,1930,1857,1823,1845,778
2021-05-02,Suryodaya Laghubitta Bittiya Sanstha Ltd.,1890,1857,1839,1890,2456
2021-05-05,Suryodaya Laghubitta Bittiya Sanstha Ltd.,1922,1920,1876,1880,3664
2021-05-03,Suryodaya Laghubitta Bittiya Sanstha Ltd.,1900,1890,1855,1872,1841
2021-05-04,Suryodaya Laghubitta Bittiya Sanstha Ltd.,1958,1872,1825,1920,6127
2021-05-06,Suryodaya Laghubitta Bittiya Sanstha Ltd.,1885,1880,1825,1825,1084
2021-05-09,Suryodaya Laghubitta Bittiya Sanstha Ltd.,1825,1825,1789,1790,1526
2021-05-10,Suryodaya Laghubitta Bittiya Sanstha Ltd.,1815,1790,1790,1810,883
2021-05-11,Suryodaya Laghubitta Bittiya Sanstha Ltd.,1855,1810,1804,1855,2621
2021-05-17,Suryodaya Laghubitta Bittiya Sanstha Ltd.,1880,1842,1831,1845,2965
2021-05-12,Suryodaya Laghubitta Bittiya Sanstha Ltd.,1880,1855,1790,1820,5452
2021-05-13,Suryodaya Laghubitta Bittiya Sanstha Ltd.,1885,1820,1802,1817,1833
2021-05-16,Suryodaya Laghubitta Bittiya Sanstha Ltd.,1889,1817,1823,1842,1144
2021-05-19,Suryodaya Laghubitta Bittiya Sanstha Ltd.,1964,1866,1861,1867,4384
2021-05-18,Suryodaya Laghubitta Bittiya Sanstha Ltd.,1876,1845,1824,1866,4838
2021-05-24,Suryodaya Laghubitta Bittiya Sanstha Ltd.,1889,1860,1840,1840,4484
2021-05-23,Suryodaya Laghubitta Bittiya Sanstha Ltd.,1879,1852,1845,1860,2041
2021-05-20,Suryodaya Laghubitta Bittiya Sanstha Ltd.,1870,1867,1845,1852,2111
2021-05-25,Suryodaya Laghubitta Bittiya Sanstha Ltd.,1876,1840,1835,1835,1180
2021-05-27,Suryodaya Laghubitta Bittiya Sanstha Ltd.,1926,1835,1749,1749,7886
2021-06-01,Suryodaya Laghubitta Bittiya Sanstha Ltd.,1769,1736,1734,1741,1430
2021-05-30,Suryodaya Laghubitta Bittiya Sanstha Ltd.,1783,1749,1704,1704,2604
2021-05-31,Suryodaya Laghubitta Bittiya Sanstha Ltd.,1809,1704,1704,1736,3810
2021-06-07,Suryodaya Laghubitta Bittiya Sanstha Ltd.,1790,1780,1745,1770,1910
2021-06-02,Suryodaya Laghubitta Bittiya Sanstha Ltd.,1769,1741,1734,1775,765
2021-06-03,Suryodaya Laghubitta Bittiya Sanstha Ltd.,1810,1775,1750,1750,2870
2021-06-06,Suryodaya Laghubitta Bittiya Sanstha Ltd.,1820,1750,1762,1780,1863
2021-06-08,Suryodaya Laghubitta Bittiya Sanstha Ltd.,1770,1770,1740,1760,1692
2021-06-09,Suryodaya Laghubitta Bittiya Sanstha Ltd.,1765,1760,1735,1740,2723
2021-06-13,Suryodaya Laghubitta Bittiya Sanstha Ltd.,1740,1727,1701,1710,2877
2021-06-10,Suryodaya Laghubitta Bittiya Sanstha Ltd.,1771,1740,1715,1727,1655
2021-06-17,Suryodaya Laghubitta Bittiya Sanstha Ltd.,1760,1760,1728,1750,798
2021-06-14,Suryodaya Laghubitta Bittiya Sanstha Ltd.,1730,1710,1690,1706,1901
2021-06-15,Suryodaya Laghubitta Bittiya Sanstha Ltd.,1720,1706,1681,1705,1248
2021-06-16,Suryodaya Laghubitta Bittiya Sanstha Ltd.,1836,1705,1690,1760,3910
2021-06-20,Suryodaya Laghubitta Bittiya Sanstha Ltd.,1750,1750,1700,1714,2262
2021-06-21,Suryodaya Laghubitta Bittiya Sanstha Ltd.,1702,1714,1633,1669,3551
2021-06-28,Suryodaya Laghubitta Bittiya Sanstha Ltd.,1680,1627,1627,1650,2450
2021-06-22,Suryodaya Laghubitta Bittiya Sanstha Ltd.,1700,1669,1666,1668,1295
2021-06-24,Suryodaya Laghubitta Bittiya Sanstha Ltd.,1654,1657,1627,1642,946
2021-06-27,Suryodaya Laghubitta Bittiya Sanstha Ltd.,1650,1642,1626,1627,672
2021-06-23,Suryodaya Laghubitta Bittiya Sanstha Ltd.,1701,1668,1603,1657,1615
